place_id,offer,name,category,locality,phone,maps_url,social_url,website_status,rating,review_count,score,grade,status,mockup_url,date_found,date_contacted,next_action_date,notes
ChIJh9VGpl8NSUcR1PPO69vNm8Q,A,Agrofarm Marius,magazin furaje,Baciu Cluj,0770 202 324,https://maps.google.com/?cid=14167143397261767636&g_mp=Cidnb29nbGUubWFwcy5wbGFjZXMudjEuUGxhY2VzLlNlYXJjaFRleHQQAhgEIAA,https://www.facebook.com/profile.php?id=100081438834159,social_only,5,9,13,A,BUILT,https://calinbotean.github.io/prospector-mockups/mockups/agrofarm-marius/,2026-08-13,,,"Weekly-3 pick (2026-08-13 qualify session). Verified: no real website found via web search; phone is 07xx mobile format (WhatsApp-capable). Listing data pulled live via Places API: businessStatus=OPERATIONAL, rating=5.0, review_count=9, address=Strada București 79, ap. 33, parter, Cluj-Napoca, hours L-V 9:00-18:00 and S 9:00-13:00. Rebuilt 2026-08-14 against documented magazin furaje shell (greenhouse/maize/fitosanitary label palette; Roboto Slab + Barlow Condensed + Inter). Places API returned 1 real photo and 5 reviews; included 1 real photo and 3 faithful review excerpts. No hosting/demo subdomain configured yet -- mockup_url points to the local file pending deployment before outreach. No outreach started; awaiting review. Refined 2026-08-14: replaced generic proof copy with direct Florica M. Google review excerpt; added high-end scroll rhythm, intentional real-photo framing, unified radius/shadow system, and one lightweight section-entry reveal. Logo prompt prepared; no generated logo inserted yet pending watermarked asset. No outreach started. Refined 2026-08-14: changed map CTA wording from traseu to harta/Hartă, added real header anchor nav (Produse, De ce noi, Recenzii, Contact), and reordered the mobile hero so the real shop photo appears immediately after the headline. Desktop/mobile screenshots and 360px QA passed. No outreach started. Final polish 2026-08-14: added watermarked demo logo in header; made hero product tags real anchors to product cards; updated rating/hours badges, unified accent-line treatment, rewrote trust framing as customer value props, and added a visible Google Maps fallback for restricted in-app browsers. Desktop/mobile screenshots and restricted iframe-block map QA passed. No outreach started. Logo placement polish 2026-08-14: moved watermarked demo logo from header into hero at a larger legible size, restored text-only header brand, and regenerated the watermark as a subtler corner ribbon while keeping DEMO protection visible. Desktop and 360px mobile hero QA passed. No outreach started. Alignment/nav polish 2026-08-14: centered mobile hero logo, replaced mobile inline nav with collapsed hamburger/dropdown links, corrected wide desktop products grid to a clean five-card row, and reran full-page desktop/mobile alignment QA. No outreach started. Tailwind/type polish 2026-08-14: adopted Tailwind CDN utilities for layout/spacing/alignment, forced hero H1 to two deliberate centered lines, added balanced wrapping for multi-line copy, and documented Tailwind as the future mockup standard. Desktop/mobile rendered QA passed. No outreach started. Mobile hero bugfix 2026-08-14: aligned the hero logo/H1 lockup, hardened the dark-green hero background on mobile so tags/facts stay readable, replaced the tiny mobile WhatsApp SVG with a WA text fallback, and verified 360px lower-hero/dropdown screenshots. No outreach started. Ledger correction 2026-08-14: mockup_url updated from local relative path to the live GitHub Pages URL; independently verified live (200 OK) with correct H1 and DEMO/noindex disclaimer."
ChIJA055VYJ1SUcRbYKjz9KGd1c,A,Sabo ITP & SERVICE,service auto,Apahida,0756 221 704,https://maps.google.com/?cid=6302654443513152109&g_mp=Cidnb29nbGUubWFwcy5wbGFjZXMudjEuUGxhY2VzLlNlYXJjaFRleHQQAhgEIAA,https://www.facebook.com/profile.php?id=61572422709396,social_only,4.7,102,13,A,BUILT,https://calinbotean.github.io/prospector-mockups/mockups/sabo-itp-service/,2026-08-13,,2026-08-13,"Weekly-3 pick (2026-08-13 qualify session). Verified: no real website found via web search; phone is 07xx mobile format (WhatsApp-capable); social_only leads' FB pages exist but not confirmed active by direct fetch (Facebook blocks scraping) -- reconfirm activity before first contact. Review quotes NOT pulled (not in Places Text Search response) -- Agent 3 must pull 2-3 quotes from live Maps listing during build. Built 2026-08-14 via Codex against the new service auto category shell (charcoal/racing-red/amber palette, Oswald display). Deployed to GitHub Pages; 360px mobile QA passed; independently verified live (200 OK) with correct H1, WhatsApp CTA to 0756 221 704, and DEMO/noindex disclaimer present. No outreach started. Revision requested 2026-08-14 (Calin, visual QA on live page): missing hero logo (no watermarked demo logo present), opening hours abbreviated illegibly (""L-V 08-20 \u00b7 Sb 08-14"" instead of full day names + colon-formatted times), and no photo/imagery in hero (neither real listing photo nor decorative trade imagery). Not ready for outreach; status reverted from BUILT to BUILDING pending fixes. Revision complete 2026-08-14: watermarked logo placed in hero, opening hours reconfirmed and reformatted in full, real hero photo (dusk auto bay, generic/decorative per integrity rules) replacing SVG placeholder, and a hero left-alignment CSS bug fixed (logo/kicker/H1/subline/buttons now share one left edge on desktop; mobile centering preserved). Independently verified live via cache-busted fetch and screenshot: correct H1, full-format hours, real photo, logo, WhatsApp CTA to 0756 221 704, DEMO/noindex disclaimer all present. Ready for outreach."
ChIJjdKZsb1qnmsRDc6EdUqFAs4,A,La Doi Pasi - OCRE Traian,magazin furaje,Cojocna,0743 477 094,https://maps.google.com/?cid=14844573876612288013&g_mp=Cidnb29nbGUubWFwcy5wbGFjZXMudjEuUGxhY2VzLlNlYXJjaFRleHQQAhgEIAA,https://www.facebook.com/profile.php?id=61554654033007,social_only,4.5,11,12,A,NEW,,2026-08-13,,,"Extra A-lead from 2026-08-13 scan, held for a future week (WIP cap = 3 builds/week)."
ChIJ--rWCggPSUcR1AkROfIKDGI,A,Disco Service,service auto,Floresti Cluj,0748 229 277,https://maps.google.com/?cid=7065033950893246932&g_mp=Cidnb29nbGUubWFwcy5wbGFjZXMudjEuUGxhY2VzLlNlYXJjaFRleHQQAhgEIAA,https://www.facebook.com/discoservicedr.z/,social_only,4.4,107,12,A,NEW,,2026-08-13,,,"Extra A-lead from 2026-08-13 scan, held for a future week (WIP cap = 3 builds/week)."
ChIJ_8chpB4PSUcRoccl9i_8ciA,A,GLL Service Gagyi SNC,service auto,Baciu Cluj,0742 786 778,https://maps.google.com/?cid=2338208439482042273&g_mp=Cidnb29nbGUubWFwcy5wbGFjZXMudjEuUGxhY2VzLlNlYXJjaFRleHQQAhgEIAA,https://www.facebook.com/gllservice/?fref=ts,social_only,4.9,88,12,A,NEW,,2026-08-13,,,"Extra A-lead from 2026-08-13 scan, held for a future week (WIP cap = 3 builds/week)."
ChIJZeUKu1cPSUcR67pHyjRszeg,A,#BimmerSystems,service auto,Baciu Cluj,0799 816 552,https://maps.google.com/?cid=16775183161012763371&g_mp=Cidnb29nbGUubWFwcy5wbGFjZXMudjEuUGxhY2VzLlNlYXJjaFRleHQQAhgEIAA,https://www.facebook.com/BimmerSystems/,social_only,5,77,12,A,NEW,,2026-08-13,,,"Extra A-lead from 2026-08-13 scan, held for a future week (WIP cap = 3 builds/week)."
ChIJ_xZ76EMPSUcRpMYsIpjIY3E,A,Underground MotoService,service auto,Baciu Cluj,0751 048 933,https://maps.google.com/?cid=8170594704714155684&g_mp=Cidnb29nbGUubWFwcy5wbGFjZXMudjEuUGxhY2VzLlNlYXJjaFRleHQQAhgEIAA,http://facebook.com/ZoomyService,social_only,4.7,34,12,A,NEW,,2026-08-13,,,"Extra A-lead from 2026-08-13 scan, held for a future week (WIP cap = 3 builds/week)."
ChIJQezwj-8NSUcRBJUDWeJMqEI,A,T&M Garage,service auto,Apahida,0744 685 898,https://maps.google.com/?cid=4803173537630360836&g_mp=Cidnb29nbGUubWFwcy5wbGFjZXMudjEuUGxhY2VzLlNlYXJjaFRleHQQAhgEIAA,https://www.facebook.com/share/18SAsfSsCb/?mibextid=wwXIfr,social_only,5,7,12,A,NEW,,2026-08-13,,,"Extra A-lead from 2026-08-13 scan, held for a future week (WIP cap = 3 builds/week)."
ChIJrymTTUkLSUcRb8B0P9MVTSw,A,Jepo Service,service auto,Apahida,0740 135 737,https://maps.google.com/?cid=3192231707922448495&g_mp=Cidnb29nbGUubWFwcy5wbGFjZXMudjEuUGxhY2VzLlNlYXJjaFRleHQQAhgEIAA,https://www.facebook.com/lahoreaservice,social_only,4.6,94,12,A,NEW,,2026-08-13,,,"Extra A-lead from 2026-08-13 scan, held for a future week (WIP cap = 3 builds/week)."
ChIJo9-1pWGfSUcRAtfgTfUchyM,A,MD AUTO STUDIO,service auto,Jucu,0757 174 398,https://maps.google.com/?cid=2560046753082562306&g_mp=Cidnb29nbGUubWFwcy5wbGFjZXMudjEuUGxhY2VzLlNlYXJjaFRleHQQAhgEIAA,https://www.facebook.com/share/1La67H2PWU/?mibextid=wwXIfr,social_only,5,14,12,A,NEW,,2026-08-13,,,"Extra A-lead from 2026-08-13 scan, held for a future week (WIP cap = 3 builds/week)."
ChIJ9XQo6qEOSUcRP6LxOO15q8I,A,Eco Service,service auto,Jucu,0743 302 682,https://maps.google.com/?cid=14027439524145111615&g_mp=Cidnb29nbGUubWFwcy5wbGFjZXMudjEuUGxhY2VzLlNlYXJjaFRleHQQAhgEIAA,https://www.facebook.com/407068096137146,social_only,4.6,53,12,A,NEW,,2026-08-13,,,"Extra A-lead from 2026-08-13 scan, held for a future week (WIP cap = 3 builds/week)."
ChIJZeIJ8WUPSUcRS4Gx8XvsPsc,A,Dani Service Rapid.srl,service auto,Bontida,0745 254 260,https://maps.google.com/?cid=14357172679183794507&g_mp=Cidnb29nbGUubWFwcy5wbGFjZXMudjEuUGxhY2VzLlNlYXJjaFRleHQQAhgEIAA,https://www.facebook.com/daniservicerapidsrl,social_only,4.4,66,12,A,NEW,,2026-08-13,,,"Extra A-lead from 2026-08-13 scan, held for a future week (WIP cap = 3 builds/week)."
ChIJ2xtXFUBnSEcRTKPnUjtiuj4,A,Vulcanizare BTO Zalau - Aghires,service auto,Aghiresu,0771 689 599,https://maps.google.com/?cid=4520033182953218892&g_mp=Cidnb29nbGUubWFwcy5wbGFjZXMudjEuUGxhY2VzLlNlYXJjaFRleHQQAhgEIAA,"https://www.google.com/maps/@47.1582985,23.0014771,1046m/data=!3m1!1e3?entry=ttu&g_ep=EgoyMDI1MDIyNi4xIKXMDSoASAFQAw%3D%3D",social_only,5,7,12,A,NEW,,2026-08-13,,,"Extra A-lead from 2026-08-13 scan, held for a future week (WIP cap = 3 builds/week)."
ChIJCawO2n8LSUcRU-Cj0kTMhFI,A,Vulcanizare Mobila Cluj,vulcanizare,Cojocna,0745 294 544,https://maps.google.com/?cid=5946102003999694931&g_mp=Cidnb29nbGUubWFwcy5wbGFjZXMudjEuUGxhY2VzLlNlYXJjaFRleHQQAhgEIAA,https://www.facebook.com/Vulcanizare-mobila-CLUJ-104583910946015/,social_only,4.3,21,12,A,NEW,,2026-08-13,,,"Extra A-lead from 2026-08-13 scan, held for a future week (WIP cap = 3 builds/week)."
ChIJp9qlQul_SUcRMJQ_cr41h9E,A,Magazin de Furaje Sărmașu,magazin furaje,Cojocna,0773 978 502,https://maps.google.com/?cid=15098095367859704880&g_mp=Cidnb29nbGUubWFwcy5wbGFjZXMudjEuUGxhY2VzLlNlYXJjaFRleHQQAhgEIAA,https://www.facebook.com/profile.php?id=100090363647458,social_only,5,4,11,A,NEW,,2026-08-13,,,"Extra A-lead from 2026-08-13 scan, held for a future week (WIP cap = 3 builds/week)."
ChIJT-YkwZW_SUcRgV-Jdj0BOks,A,Teocan Auto,dezmembrari auto,Dej,0726 229 285,https://maps.google.com/?cid=5420646464987160449&g_mp=Cidnb29nbGUubWFwcy5wbGFjZXMudjEuUGxhY2VzLlNlYXJjaFRleHQQAhgEIAA,https://www.facebook.com/talion.ro/,social_only,4.9,8,11,A,NEW,,2026-08-13,,,"Extra A-lead from 2026-08-13 scan, held for a future week (WIP cap = 3 builds/week)."
ChIJsUrTcoG5SUcRbHZ1orYgIFg,A,Tractari auto Dej,dezmembrari auto,Dej,0761 213 432,https://maps.google.com/?cid=6350111443374143084&g_mp=Cidnb29nbGUubWFwcy5wbGFjZXMudjEuUGxhY2VzLlNlYXJjaFRleHQQAhgEIAA,https://www.facebook.com/profile.php?id=100068906079347,social_only,4.9,74,11,A,NEW,,2026-08-13,,,"Extra A-lead from 2026-08-13 scan, held for a future week (WIP cap = 3 builds/week)."
ChIJNUE_9o6-SUcR6kZXqME5Tsg,A,ITP QH AUTO Service Bunesti,service auto,Gherla,0744 562 595,https://maps.google.com/?cid=14433537359684781802&g_mp=Cidnb29nbGUubWFwcy5wbGFjZXMudjEuUGxhY2VzLlNlYXJjaFRleHQQAhgEIAA,https://www.facebook.com/QHAUTO,social_only,4.6,113,11,A,NEW,,2026-08-13,,,"Extra A-lead from 2026-08-13 scan, held for a future week (WIP cap = 3 builds/week)."
ChIJQbe_4nzHSUcRbjwe1hgjXGw,A,Liadom Service Auto Dej,service auto,Gherla,0766 772 808,https://maps.google.com/?cid=7808154443532090478&g_mp=Cidnb29nbGUubWFwcy5wbGFjZXMudjEuUGxhY2VzLlNlYXJjaFRleHQQAhgEIAA,https://www.facebook.com/LiadomService/,social_only,4.4,133,11,A,NEW,,2026-08-13,,,"Extra A-lead from 2026-08-13 scan, held for a future week (WIP cap = 3 builds/week)."
ChIJi6ILj5K9SUcRuX-JPZA33as,A,Gumirom,service auto,Gherla,0744 398 932,https://maps.google.com/?cid=12384115642985971641&g_mp=Cidnb29nbGUubWFwcy5wbGFjZXMudjEuUGxhY2VzLlNlYXJjaFRleHQQAhgEIAA,https://www.facebook.com/people/Gumirom-The-Tyre-Expert/100054455320976/,social_only,4.4,124,11,A,NEW,,2026-08-13,,,"Extra A-lead from 2026-08-13 scan, held for a future week (WIP cap = 3 builds/week)."
ChIJ2yCiVCsPSUcR9Npq1e-OM0s,A,Tarta Service,service auto,Iara Cluj,0728 107 450,https://maps.google.com/?cid=5418831937385716468&g_mp=Cidnb29nbGUubWFwcy5wbGFjZXMudjEuUGxhY2VzLlNlYXJjaFRleHQQAhgEIAA,https://www.facebook.com/tartaservice/,social_only,5,4,11,A,NEW,,2026-08-13,,,"Extra A-lead from 2026-08-13 scan, held for a future week (WIP cap = 3 builds/week)."
ChIJldR7eTYOSUcR7Xq64v9Xtxo,A,Manolemn,tamplarie lemn,Gilau,0753 397 893,https://maps.google.com/?cid=1925104122256325357&g_mp=Cidnb29nbGUubWFwcy5wbGFjZXMudjEuUGxhY2VzLlNlYXJjaFRleHQQAhgEIAA,https://www.facebook.com/manolemn/,social_only,5,2,11,A,NEW,,2026-08-13,,,"Extra A-lead from 2026-08-13 scan, held for a future week (WIP cap = 3 builds/week)."
ChIJF8l2agATSUcR371ywvO58Kg,A,Depozit Cherestea Vâlcele,tamplarie lemn,Mociu,0747 470 637,https://maps.google.com/?cid=12173434249372941791&g_mp=Cidnb29nbGUubWFwcy5wbGFjZXMudjEuUGxhY2VzLlNlYXJjaFRleHQQAhgEIAA,https://www.facebook.com/share/183Fa1wkxB/,social_only,5,5,11,A,BUILT,https://calinbotean.github.io/prospector-mockups/mockups/depozit-cherestea-valcele/,2026-08-13,,,Weekly-3 pick (2026-08-13 qualify session). Verified: no real website found via web search; phone is 07xx mobile format (WhatsApp-capable); social_only leads' FB pages exist but not confirmed active by direct fetch (Facebook blocks scraping) -- reconfirm activity before first contact. Review quotes NOT pulled (not in Places Text Search response) -- Agent 3 must pull 2-3 quotes from live Maps listing during build. Ledger correction 2026-08-17: status updated QUALIFIED -> BUILT and mockup_url set to the live GitHub Pages URL -- the mockup already existed in mockups/depozit-cherestea-valcele/ (built outside the ledger) and was independently verified live today (200 OK). Design revision pending: Calin to send screenshots with requested changes before this goes to outreach; next_action_date cleared until the revision is scheduled.
ChIJyQTGdy8RSUcR0U-Q76Niryk,A,Magazin Alimentar Enyedi,magazin furaje,Savadisla,0264 374 393,https://maps.google.com/?cid=3003727932717813713&g_mp=Cidnb29nbGUubWFwcy5wbGFjZXMudjEuUGxhY2VzLlNlYXJjaFRleHQQAhgEIAA,,none,4.4,38,10,A,NEW,,2026-08-13,,,"Extra A-lead from 2026-08-13 scan, held for a future week (WIP cap = 3 builds/week)."
ChIJWZPRVWJpSUcREtbLPHdj9Fc,A,Dezmembrari Auto Turda Sany Copaceni,dezmembrari auto,Gilau,0744 951 124,https://maps.google.com/?cid=6337799939389380114&g_mp=Cidnb29nbGUubWFwcy5wbGFjZXMudjEuUGxhY2VzLlNlYXJjaFRleHQQAhgEIAA,https://www.facebook.com/SanyDezmembrari?locale=ro_RO,social_only,3.9,24,10,A,NEW,,2026-08-13,,,"Extra A-lead from 2026-08-13 scan, held for a future week (WIP cap = 3 builds/week)."
ChIJ-xE-lO8LSUcRY8ln146vV9g,A,ADN Motor Group,dezmembrari auto,Jucu,0746 187 033,https://maps.google.com/?cid=15589121663200381283&g_mp=Cidnb29nbGUubWFwcy5wbGFjZXMudjEuUGxhY2VzLlNlYXJjaFRleHQQAhgEIAA,https://www.facebook.com/Dezmembrari-Auto-Cluj-ADN-Motor-Group-104654281969074,social_only,3.3,38,10,A,NEW,,2026-08-13,,,"Extra A-lead from 2026-08-13 scan, held for a future week (WIP cap = 3 builds/week)."
ChIJjzBu394PSUcRLi7_AqE_D-4,A,Remus Car,service auto,Floresti Cluj,0742 220 022,https://maps.google.com/?cid=17153999466450071086&g_mp=Cidnb29nbGUubWFwcy5wbGFjZXMudjEuUGxhY2VzLlNlYXJjaFRleHQQAhgEIAA,,none,4.4,170,10,A,NEW,,2026-08-13,,,"Extra A-lead from 2026-08-13 scan, held for a future week (WIP cap = 3 builds/week)."
ChIJi9ga9ip1SUcR-_5Cx3veodw,A,La Daniel - Vulcanizare/Spalatorie self wash,service auto,Apahida,0751 495 469,https://maps.google.com/?cid=15898232782799961851&g_mp=Cidnb29nbGUubWFwcy5wbGFjZXMudjEuUGxhY2VzLlNlYXJjaFRleHQQAhgEIAA,,none,4.8,155,10,A,NEW,,2026-08-13,,,"Extra A-lead from 2026-08-13 scan, held for a future week (WIP cap = 3 builds/week)."
ChIJ31HExEoMSUcR_FGEU-gk-KE,A,RM Auto Service,service auto,Bontida,0729 120 752,https://maps.google.com/?cid=11671119014582833660&g_mp=Cidnb29nbGUubWFwcy5wbGFjZXMudjEuUGxhY2VzLlNlYXJjaFRleHQQAhgEIAA,https://www.facebook.com/webcarservicecluj,social_only,3.8,62,10,A,NEW,,2026-08-13,,,"Extra A-lead from 2026-08-13 scan, held for a future week (WIP cap = 3 builds/week)."
ChIJtSKcrJENSUcR2ZflHnAXvg4,A,Speed Auto Service,service auto,Bontida,0745 856 231,https://maps.google.com/?cid=1062312332428154841&g_mp=Cidnb29nbGUubWFwcy5wbGFjZXMudjEuUGxhY2VzLlNlYXJjaFRleHQQAhgEIAA,https://www.facebook.com/123speedautoservice,social_only,3.7,24,10,A,NEW,,2026-08-13,,,"Extra A-lead from 2026-08-13 scan, held for a future week (WIP cap = 3 builds/week)."
ChIJDfFxxAQPSUcRsO8I8-o9nnE,A,Daniel Service,service auto,Savadisla,0722 524 652,https://maps.google.com/?cid=8187049251915231152&g_mp=Cidnb29nbGUubWFwcy5wbGFjZXMudjEuUGxhY2VzLlNlYXJjaFRleHQQAhgEIAA,,none,4.9,11,10,A,NEW,,2026-08-13,,,"Extra A-lead from 2026-08-13 scan, held for a future week (WIP cap = 3 builds/week)."
ChIJ9xf4LQC5SUcR7T3yCp26o8c,A,Marco Tyres,vulcanizare,Dej,0741 499 756,https://maps.google.com/?cid=14385546818407775725&g_mp=Cidnb29nbGUubWFwcy5wbGFjZXMudjEuUGxhY2VzLlNlYXJjaFRleHQQAhgEIAA,https://www.facebook.com/profile.php?id=61572991202438,social_only,4.1,7,10,A,NEW,,2026-08-13,,,"Extra A-lead from 2026-08-13 scan, held for a future week (WIP cap = 3 builds/week)."
ChIJ6WlciVrHS0cRkFkBCbIv8OA,A,"Atelier de Tâmplărie Kádár István – Uși, ferestre, scări din lemn",tamplarie lemn,Caianu Cluj,0744 554 819,https://maps.google.com/?cid=16208507500608182672&g_mp=Cidnb29nbGUubWFwcy5wbGFjZXMudjEuUGxhY2VzLlNlYXJjaFRleHQQAhgEIAA,https://www.facebook.com/share/1DBLdjL5zJ/?mibextid=wwXIfr,social_only,5,1,10,A,NEW,,2026-08-13,,,"Extra A-lead from 2026-08-13 scan, held for a future week (WIP cap = 3 builds/week)."
ChIJ0x3V_ykbSUcRE-MEofXU_CQ,A,Oncos Impex,magazin furaje,Gilau,0264 265 915,https://maps.google.com/?cid=2665239230930019091&g_mp=Cidnb29nbGUubWFwcy5wbGFjZXMudjEuUGxhY2VzLlNlYXJjaFRleHQQAhgEIAA,,none,4.4,97,9,A,NEW,,2026-08-13,,,"Extra A-lead from 2026-08-13 scan, held for a future week (WIP cap = 3 builds/week)."
ChIJM87oXQAbSUcRopm2Yt7yuVA,A,Giardini E Fiori,magazin furaje,Gilau,0775 257 284,https://maps.google.com/?cid=5816947430678501794&g_mp=Cidnb29nbGUubWFwcy5wbGFjZXMudjEuUGxhY2VzLlNlYXJjaFRleHQQAhgEIAA,,none,4.9,29,9,A,NEW,,2026-08-13,,,"Extra A-lead from 2026-08-13 scan, held for a future week (WIP cap = 3 builds/week)."
ChIJO6d888EOSUcRPmGdH-SW1yE,A,Serlad,magazin furaje,Floresti Cluj,0748 964 817,https://maps.google.com/?cid=2438583629771530558&g_mp=Cidnb29nbGUubWFwcy5wbGFjZXMudjEuUGxhY2VzLlNlYXJjaFRleHQQAhgEIAA,,none,4.4,9,9,A,NEW,,2026-08-13,,,"Extra A-lead from 2026-08-13 scan, held for a future week (WIP cap = 3 builds/week)."
ChIJGWJp-sgPSUcRO0kJ1vF0xqY,A,Magazin de pescuit Eroilor 14 Floresti,magazin furaje,Floresti Cluj,0742 246 851,https://maps.google.com/?cid=12017421237711620411&g_mp=Cidnb29nbGUubWFwcy5wbGFjZXMudjEuUGxhY2VzLlNlYXJjaFRleHQQAhgEIAA,,none,4.5,6,9,A,NEW,,2026-08-13,,,"Extra A-lead from 2026-08-13 scan, held for a future week (WIP cap = 3 builds/week)."
ChIJcwdp8SMQSUcRiraRGtcVvaY,A,Merca Vet,magazin furaje,Floresti Cluj,0743 043 041,https://maps.google.com/?cid=12014783394502260362&g_mp=Cidnb29nbGUubWFwcy5wbGFjZXMudjEuUGxhY2VzLlNlYXJjaFRleHQQAhgEIAA,,none,4.7,27,9,A,NEW,,2026-08-13,,,"Extra A-lead from 2026-08-13 scan, held for a future week (WIP cap = 3 builds/week)."
ChIJoUZt4TujSUcRK7m7TQaa-Ec,A,NOVATICOM - Productie Furaje,magazin furaje,Jucu,0724 346 760,https://maps.google.com/?cid=5186064322781755691&g_mp=Cidnb29nbGUubWFwcy5wbGFjZXMudjEuUGxhY2VzLlNlYXJjaFRleHQQAhgEIAA,,none,5,30,9,A,NEW,,2026-08-13,,,"Extra A-lead from 2026-08-13 scan, held for a future week (WIP cap = 3 builds/week)."
ChIJZ7ueiql2SUcRcxAPQP52oS0,A,La Doi Pasi - OCRE,magazin furaje,Cojocna,0754 500 248,https://maps.google.com/?cid=3288040037325672563&g_mp=Cidnb29nbGUubWFwcy5wbGFjZXMudjEuUGxhY2VzLlNlYXJjaFRleHQQAhgEIAA,,none,4.4,57,9,A,NEW,,2026-08-13,,,"Extra A-lead from 2026-08-13 scan, held for a future week (WIP cap = 3 builds/week)."
ChIJk-m1hPwRSUcRcTf5q4aRD3I,A,Dezmembrãri Auto,dezmembrari auto,Gilau,0752 354 101,https://maps.google.com/?cid=8218947852571326321&g_mp=Cidnb29nbGUubWFwcy5wbGFjZXMudjEuUGxhY2VzLlNlYXJjaFRleHQQAhgEIAA,,none,4.5,18,9,A,NEW,,2026-08-13,,,"Extra A-lead from 2026-08-13 scan, held for a future week (WIP cap = 3 builds/week)."
ChIJ5w1VRyobSUcRB0lgbIPiJI4,A,Piese Auto Eni Trans-La Pali,dezmembrari auto,Gilau,0747 333 286,https://maps.google.com/?cid=10242560506634193159&g_mp=Cidnb29nbGUubWFwcy5wbGFjZXMudjEuUGxhY2VzLlNlYXJjaFRleHQQAhgEIAA,,none,4.6,32,9,A,NEW,,2026-08-13,,,"Extra A-lead from 2026-08-13 scan, held for a future week (WIP cap = 3 builds/week)."
ChIJeVWx1g0bSUcRle2r2yL_u8M,A,ProAutoPiesa SRL,dezmembrari auto,Gilau,0746 175 231,https://maps.google.com/?cid=14104147183220288917&g_mp=Cidnb29nbGUubWFwcy5wbGFjZXMudjEuUGxhY2VzLlNlYXJjaFRleHQQAhgEIAA,,none,5,11,9,A,NEW,,2026-08-13,,,"Extra A-lead from 2026-08-13 scan, held for a future week (WIP cap = 3 builds/week)."
ChIJDYGOcb8TSUcRCdTgvC7VydQ,A,Dezmembrari Ford Cluj,dezmembrari auto,Gilau,0745 458 593,https://maps.google.com/?cid=15333020803073627145&g_mp=Cidnb29nbGUubWFwcy5wbGFjZXMudjEuUGxhY2VzLlNlYXJjaFRleHQQAhgEIAA,,none,4.5,29,9,A,NEW,,2026-08-13,,,"Extra A-lead from 2026-08-13 scan, held for a future week (WIP cap = 3 builds/week)."
ChIJradd0OUPSUcR-TlTj9PlDiE,A,Dezmembrări Mercedes Cluj,dezmembrari auto,Gilau,0732 425 225,https://maps.google.com/?cid=2382093949731027449&g_mp=Cidnb29nbGUubWFwcy5wbGFjZXMudjEuUGxhY2VzLlNlYXJjaFRleHQQAhgEIAA,,none,4.5,66,9,A,NEW,,2026-08-13,,,"Extra A-lead from 2026-08-13 scan, held for a future week (WIP cap = 3 builds/week)."
ChIJh6T8H-gOSUcRXB9QbZ0Pjr8,A,9006 Auto,dezmembrari auto,Gilau,0749 977 759,https://maps.google.com/?cid=13802987076755398492&g_mp=Cidnb29nbGUubWFwcy5wbGFjZXMudjEuUGxhY2VzLlNlYXJjaFRleHQQAhgEIAA,,none,4.4,319,9,A,NEW,,2026-08-13,,,"Extra A-lead from 2026-08-13 scan, held for a future week (WIP cap = 3 builds/week)."
ChIJS7hHNZgNSUcRdcsIHl5VaAk,A,Dakrom Power,dezmembrari auto,Gilau,0726 604 073,https://maps.google.com/?cid=677885606638439285&g_mp=Cidnb29nbGUubWFwcy5wbGFjZXMudjEuUGxhY2VzLlNlYXJjaFRleHQQAhgEIAA,,none,5,14,9,A,NEW,,2026-08-13,,,"Extra A-lead from 2026-08-13 scan, held for a future week (WIP cap = 3 builds/week)."
ChIJSeuIdVEOSUcR9nPTzcZm8Aw,A,Dezmembrari Auto Renault,dezmembrari auto,Gilau,0745 997 168,https://maps.google.com/?cid=932358126908437494&g_mp=Cidnb29nbGUubWFwcy5wbGFjZXMudjEuUGxhY2VzLlNlYXJjaFRleHQQAhgEIAA,,none,4.8,48,9,A,NEW,,2026-08-13,,,"Extra A-lead from 2026-08-13 scan, held for a future week (WIP cap = 3 builds/week)."
ChIJfXcWWY2-SUcR43dvUkGmGjY,A,Expo Autotec SRL,dezmembrari auto,Jucu,0754 068 825,https://maps.google.com/?cid=3898611226928707555&g_mp=Cidnb29nbGUubWFwcy5wbGFjZXMudjEuUGxhY2VzLlNlYXJjaFRleHQQAhgEIAA,,none,4.5,35,9,A,NEW,,2026-08-13,,,"Extra A-lead from 2026-08-13 scan, held for a future week (WIP cap = 3 builds/week)."
ChIJd1DGY63TYa8R76zMQD7Xw_c,A,Dezford MDI,dezmembrari auto,Bontida,0744 911 978,https://maps.google.com/?cid=17853350010201877743&g_mp=Cidnb29nbGUubWFwcy5wbGFjZXMudjEuUGxhY2VzLlNlYXJjaFRleHQQAhgEIAA,,none,5,11,9,A,NEW,,2026-08-13,,,"Extra A-lead from 2026-08-13 scan, held for a future week (WIP cap = 3 builds/week)."
ChIJuwBBkOcRSUcRBBJu3hYxzBM,A,SERVICE AUTO PROFESSIONAL & QUICK,dezmembrari auto,Capusu Mare,0743 505 425,https://maps.google.com/?cid=1426569156260401668&g_mp=Cidnb29nbGUubWFwcy5wbGFjZXMudjEuUGxhY2VzLlNlYXJjaFRleHQQAhgEIAA,,none,4.3,7,9,A,NEW,,2026-08-13,,,"Extra A-lead from 2026-08-13 scan, held for a future week (WIP cap = 3 builds/week)."
ChIJ96IIaolnSEcR-x6tLSVxDJ0,A,SC AUTOPARTS SRL,dezmembrari auto,Aghiresu,0755 543 608,https://maps.google.com/?cid=11316544368169262843&g_mp=Cidnb29nbGUubWFwcy5wbGFjZXMudjEuUGxhY2VzLlNlYXJjaFRleHQQAhgEIAA,,none,4.3,10,9,A,NEW,,2026-08-13,,,"Extra A-lead from 2026-08-13 scan, held for a future week (WIP cap = 3 builds/week)."
ChIJn88sytgbSUcRe4OukEAwqnc,A,Vulcanizare Mobila Cluj-Gilău Non-Stop,service auto,Gilau,0740 293 380,https://maps.google.com/?cid=8622757490417632123&g_mp=Cidnb29nbGUubWFwcy5wbGFjZXMudjEuUGxhY2VzLlNlYXJjaFRleHQQAhgEIAA,,none,5,76,9,A,NEW,,2026-08-13,,,"Extra A-lead from 2026-08-13 scan, held for a future week (WIP cap = 3 builds/week)."
ChIJJ1dzSWsbSUcRath8oRbrJuw,A,Dimar Import-Export,service auto,Gilau,0748 299 389,https://maps.google.com/?cid=17016546724497119338&g_mp=Cidnb29nbGUubWFwcy5wbGFjZXMudjEuUGxhY2VzLlNlYXJjaFRleHQQAhgEIAA,,none,4.9,44,9,A,NEW,,2026-08-13,,,"Extra A-lead from 2026-08-13 scan, held for a future week (WIP cap = 3 builds/week)."
ChIJ-Qg0PNobSUcRQzdVAP3MvQc,A,AutoGiro,service auto,Gilau,0743 022 801,https://maps.google.com/?cid=557827315868186435&g_mp=Cidnb29nbGUubWFwcy5wbGFjZXMudjEuUGxhY2VzLlNlYXJjaFRleHQQAhgEIAA,,none,4.8,6,9,A,NEW,,2026-08-13,,,"Extra A-lead from 2026-08-13 scan, held for a future week (WIP cap = 3 builds/week)."
ChIJ96oHjq0aSUcRtS1C2uxpXxk,A,Service Șerban,service auto,Gilau,0744 931 111,https://maps.google.com/?cid=1828296439730679221&g_mp=Cidnb29nbGUubWFwcy5wbGFjZXMudjEuUGxhY2VzLlNlYXJjaFRleHQQAhgEIAA,,none,4.9,323,9,A,NEW,,2026-08-13,,,"Extra A-lead from 2026-08-13 scan, held for a future week (WIP cap = 3 builds/week)."
ChIJMZUq-CgQSUcRc_31lGGv-qQ,A,Nick's Garage,service auto,Floresti Cluj,0751 095 791,https://maps.google.com/?cid=11888007000043683187&g_mp=Cidnb29nbGUubWFwcy5wbGFjZXMudjEuUGxhY2VzLlNlYXJjaFRleHQQAhgEIAA,,none,4.3,195,9,A,NEW,,2026-08-13,,,"Extra A-lead from 2026-08-13 scan, held for a future week (WIP cap = 3 builds/week)."
ChIJJ6JcRjAPSUcRuSa1jRTNZ7g,A,Atelier Auto (ADI),service auto,Floresti Cluj,0745 093 904,https://maps.google.com/?cid=13287814713740437177&g_mp=Cidnb29nbGUubWFwcy5wbGFjZXMudjEuUGxhY2VzLlNlYXJjaFRleHQQAhgEIAA,,none,4.8,45,9,A,NEW,,2026-08-13,,,"Extra A-lead from 2026-08-13 scan, held for a future week (WIP cap = 3 builds/week)."
ChIJ5yQV4AQPSUcRPvqEfM8uB50,A,VDI Service Auto Florești,service auto,Floresti Cluj,0727 973 387,https://maps.google.com/?cid=11315064057473858110&g_mp=Cidnb29nbGUubWFwcy5wbGFjZXMudjEuUGxhY2VzLlNlYXJjaFRleHQQAhgEIAA,,none,4.6,26,9,A,NEW,,2026-08-13,,,"Extra A-lead from 2026-08-13 scan, held for a future week (WIP cap = 3 builds/week)."
ChIJ55bn3KwPSUcReSBYu-sAEas,A,Vroom Auto Repair,service auto,Floresti Cluj,0770 687 540,https://maps.google.com/?cid=12326634667550187641&g_mp=Cidnb29nbGUubWFwcy5wbGFjZXMudjEuUGxhY2VzLlNlYXJjaFRleHQQAhgEIAA,,none,4.7,28,9,A,NEW,,2026-08-13,,,"Extra A-lead from 2026-08-13 scan, held for a future week (WIP cap = 3 builds/week)."
ChIJB_7RUAAPSUcRR5iwfA3N0JU,A,Electrician AUTO,service auto,Floresti Cluj,0743 086 836,https://maps.google.com/?cid=10795353764617295943&g_mp=Cidnb29nbGUubWFwcy5wbGFjZXMudjEuUGxhY2VzLlNlYXJjaFRleHQQAhgEIAA,,none,5,5,9,A,NEW,,2026-08-13,,,"Extra A-lead from 2026-08-13 scan, held for a future week (WIP cap = 3 builds/week)."
ChIJ696pCwARSUcRPWc8NngpuLc,A,ERA Service Auto,service auto,Floresti Cluj,0748 087 037,https://maps.google.com/?cid=13238376700938315581&g_mp=Cidnb29nbGUubWFwcy5wbGFjZXMudjEuUGxhY2VzLlNlYXJjaFRleHQQAhgEIAA,,none,4.5,16,9,A,NEW,,2026-08-13,,,"Extra A-lead from 2026-08-13 scan, held for a future week (WIP cap = 3 builds/week)."
ChIJlWJAvecOSUcR2KLu66P8-xw,A,Service Esapamente,service auto,Baciu Cluj,0742 183 209,https://maps.google.com/?cid=2088540633184510680&g_mp=Cidnb29nbGUubWFwcy5wbGFjZXMudjEuUGxhY2VzLlNlYXJjaFRleHQQAhgEIAA,,none,4.7,321,9,A,NEW,,2026-08-13,,,"Extra A-lead from 2026-08-13 scan, held for a future week (WIP cap = 3 builds/week)."
ChIJ-4qXWtkPSUcRTqUj3ZfZR4g,A,Polish Garage,service auto,Baciu Cluj,0721 017 834,https://maps.google.com/?cid=9820056758778045774&g_mp=Cidnb29nbGUubWFwcy5wbGFjZXMudjEuUGxhY2VzLlNlYXJjaFRleHQQAhgEIAA,,none,5,42,9,A,NEW,,2026-08-13,,,"Extra A-lead from 2026-08-13 scan, held for a future week (WIP cap = 3 builds/week)."
ChIJC25O-j0PSUcRFvV1uVu2QSY,A,Mese Anvelope,service auto,Baciu Cluj,0745 204 513,https://maps.google.com/?cid=2756684951997248790&g_mp=Cidnb29nbGUubWFwcy5wbGFjZXMudjEuUGxhY2VzLlNlYXJjaFRleHQQAhgEIAA,,none,4.5,244,9,A,NEW,,2026-08-13,,,"Extra A-lead from 2026-08-13 scan, held for a future week (WIP cap = 3 builds/week)."
ChIJG7vMXVYPSUcRd6G5BY2Q8b0,A,Bimmer,service auto,Baciu Cluj,0740 640 218,https://maps.google.com/?cid=13686879677916488055&g_mp=Cidnb29nbGUubWFwcy5wbGFjZXMudjEuUGxhY2VzLlNlYXJjaFRleHQQAhgEIAA,,none,4.9,113,9,A,NEW,,2026-08-13,,,"Extra A-lead from 2026-08-13 scan, held for a future week (WIP cap = 3 builds/week)."
ChIJmQ9iDIwFSUcRGhuRJo_fPqs,A,Automeister Bifcom,service auto,Baciu Cluj,0724 565 690,https://maps.google.com/?cid=12339545834962098970&g_mp=Cidnb29nbGUubWFwcy5wbGFjZXMudjEuUGxhY2VzLlNlYXJjaFRleHQQAhgEIAA,,none,4.7,124,9,A,NEW,,2026-08-13,,,"Extra A-lead from 2026-08-13 scan, held for a future week (WIP cap = 3 builds/week)."
ChIJX_qq2d8PSUcRUBTA--sZWc0,A,Lexicar,service auto,Baciu Cluj,0762 833 977,https://maps.google.com/?cid=14796886552034153552&g_mp=Cidnb29nbGUubWFwcy5wbGFjZXMudjEuUGxhY2VzLlNlYXJjaFRleHQQAhgEIAA,,none,4.9,59,9,A,NEW,,2026-08-13,,,"Extra A-lead from 2026-08-13 scan, held for a future week (WIP cap = 3 builds/week)."
ChIJj1LHgegLSUcRx-SoT2YQ0PA,A,Metzedes,service auto,Apahida,0733 793 954,https://maps.google.com/?cid=17352387395867698375&g_mp=Cidnb29nbGUubWFwcy5wbGFjZXMudjEuUGxhY2VzLlNlYXJjaFRleHQQAhgEIAA,,none,5,16,9,A,NEW,,2026-08-13,,,"Extra A-lead from 2026-08-13 scan, held for a future week (WIP cap = 3 builds/week)."
ChIJuyXe4x4PSUcROZSFC7BMPNE,A,Pop Vulcanizare mobila,service auto,Apahida,0771 298 457,https://maps.google.com/?cid=15077009971520836665&g_mp=Cidnb29nbGUubWFwcy5wbGFjZXMudjEuUGxhY2VzLlNlYXJjaFRleHQQAhgEIAA,,none,5,21,9,A,NEW,,2026-08-13,,,"Extra A-lead from 2026-08-13 scan, held for a future week (WIP cap = 3 builds/week)."
ChIJk5IvAYB1SUcRjIwJpS13C2k,A,VULCANIZARE POP,service auto,Apahida,0745 535 014,https://maps.google.com/?cid=7569274636652350604&g_mp=Cidnb29nbGUubWFwcy5wbGFjZXMudjEuUGxhY2VzLlNlYXJjaFRleHQQAhgEIAA,,none,5,144,9,A,NEW,,2026-08-13,,,"Extra A-lead from 2026-08-13 scan, held for a future week (WIP cap = 3 builds/week)."
ChIJP0EEdgALSUcRujipR6rssT4,A,Vulcanizare Jucu de Mijloc,service auto,Jucu,0759 103 256,https://maps.google.com/?cid=4517652117320186042&g_mp=Cidnb29nbGUubWFwcy5wbGFjZXMudjEuUGxhY2VzLlNlYXJjaFRleHQQAhgEIAA,,none,5,13,9,A,NEW,,2026-08-13,,,"Extra A-lead from 2026-08-13 scan, held for a future week (WIP cap = 3 builds/week)."
ChIJf4syV9uhSUcRetky12fyzHM,A,Multimarca,service auto,Jucu,0727 544 348,https://maps.google.com/?cid=8344310737416673658&g_mp=Cidnb29nbGUubWFwcy5wbGFjZXMudjEuUGxhY2VzLlNlYXJjaFRleHQQAhgEIAA,,none,4.9,8,9,A,NEW,,2026-08-13,,,"Extra A-lead from 2026-08-13 scan, held for a future week (WIP cap = 3 builds/week)."
ChIJkVxMWAQMSUcRLaelV5u04kA,A,Sturimex Service,service auto,Jucu,0740 166 499,https://maps.google.com/?cid=4675497942447400749&g_mp=Cidnb29nbGUubWFwcy5wbGFjZXMudjEuUGxhY2VzLlNlYXJjaFRleHQQAhgEIAA,,none,4.7,757,9,A,NEW,,2026-08-13,,,"Extra A-lead from 2026-08-13 scan, held for a future week (WIP cap = 3 builds/week)."
ChIJ05o_8Cu_SUcRTLAa8BY46qM,A,DEZ AUTO TRUCK SRL,service auto,Jucu,0748 534 022,https://maps.google.com/?cid=11811314643901263948&g_mp=Cidnb29nbGUubWFwcy5wbGFjZXMudjEuUGxhY2VzLlNlYXJjaFRleHQQAhgEIAA,,none,4.8,12,9,A,NEW,,2026-08-13,,,"Extra A-lead from 2026-08-13 scan, held for a future week (WIP cap = 3 builds/week)."
ChIJC9J6EV0JSUcRqsTHrEryXII,A,Gramin Auto,service auto,Jucu,0748 824 886,https://maps.google.com/?cid=9393649325328286890&g_mp=Cidnb29nbGUubWFwcy5wbGFjZXMudjEuUGxhY2VzLlNlYXJjaFRleHQQAhgEIAA,,none,4.7,25,9,A,NEW,,2026-08-13,,,"Extra A-lead from 2026-08-13 scan, held for a future week (WIP cap = 3 builds/week)."
ChIJoWv321vHSUcRr3C32F2QWUA,A,C & V Autoparc,service auto,Dej,0760 744 894,https://maps.google.com/?cid=4636896024096895151&g_mp=Cidnb29nbGUubWFwcy5wbGFjZXMudjEuUGxhY2VzLlNlYXJjaFRleHQQAhgEIAA,https://www.facebook.com/profile.php?id=100063627361122,social_only,3.9,12,9,A,NEW,,2026-08-13,,,"Extra A-lead from 2026-08-13 scan, held for a future week (WIP cap = 3 builds/week)."
ChIJXxCEw0JmSUcRcTY2A3AWdoE,A,Service Auto Vadim,service auto,Turda,0745 707 707,https://maps.google.com/?cid=9328668348490593905&g_mp=Cidnb29nbGUubWFwcy5wbGFjZXMudjEuUGxhY2VzLlNlYXJjaFRleHQQAhgEIAA,,none,4.6,88,9,A,NEW,,2026-08-13,,,"Extra A-lead from 2026-08-13 scan, held for a future week (WIP cap = 3 builds/week)."
ChIJrWEX0bdnSUcRdjvt2jQU3CY,A,Electronic Auto Turda,service auto,Turda,0745 577 816,https://maps.google.com/?cid=2800135285561441142&g_mp=Cidnb29nbGUubWFwcy5wbGFjZXMudjEuUGxhY2VzLlNlYXJjaFRleHQQAhgEIAA,,none,5,73,9,A,NEW,,2026-08-13,,,"Extra A-lead from 2026-08-13 scan, held for a future week (WIP cap = 3 builds/week)."
ChIJFdn5QABpSUcR6OQyFd3SxxA,A,Advanced Auto Repair,service auto,Turda,0763 255 889,https://maps.google.com/?cid=1209166871957529832&g_mp=Cidnb29nbGUubWFwcy5wbGFjZXMudjEuUGxhY2VzLlNlYXJjaFRleHQQAhgEIAA,,none,5,12,9,A,NEW,,2026-08-13,,,"Extra A-lead from 2026-08-13 scan, held for a future week (WIP cap = 3 builds/week)."
ChIJeaEEHcBnSUcRStD8r2EzaJs,A,Linia Can Start Stop,service auto,Turda,0771 390 526,https://maps.google.com/?cid=11198256968114163786&g_mp=Cidnb29nbGUubWFwcy5wbGFjZXMudjEuUGxhY2VzLlNlYXJjaFRleHQQAhgEIAA,,none,5,71,9,A,NEW,,2026-08-13,,,"Extra A-lead from 2026-08-13 scan, held for a future week (WIP cap = 3 builds/week)."
ChIJD03x3kxnSUcRUIXR1QzTpwE,A,Autovalera Service,service auto,Turda,0757 298 500,https://maps.google.com/?cid=119295967228953936&g_mp=Cidnb29nbGUubWFwcy5wbGFjZXMudjEuUGxhY2VzLlNlYXJjaFRleHQQAhgEIAA,,none,4.6,54,9,A,NEW,,2026-08-13,,,"Extra A-lead from 2026-08-13 scan, held for a future week (WIP cap = 3 builds/week)."
ChIJnZJCQt1pSUcRVjAJjsYVzl8,A,AWB ELECTRO-SERVICE AUTO,service auto,Turda,0744 780 280,https://maps.google.com/?cid=6903479221336223830&g_mp=Cidnb29nbGUubWFwcy5wbGFjZXMudjEuUGxhY2VzLlNlYXJjaFRleHQQAhgEIAA,,none,4.8,10,9,A,NEW,,2026-08-13,,,"Extra A-lead from 2026-08-13 scan, held for a future week (WIP cap = 3 builds/week)."
ChIJw6CQJD9pSUcRXGjICO0RG44,A,ITP TURDA Xavis Service,service auto,Turda,0737 017 770,https://maps.google.com/?cid=10239797887509227612&g_mp=Cidnb29nbGUubWFwcy5wbGFjZXMudjEuUGxhY2VzLlNlYXJjaFRleHQQAhgEIAA,,none,4.7,31,9,A,NEW,,2026-08-13,,,"Extra A-lead from 2026-08-13 scan, held for a future week (WIP cap = 3 builds/week)."
ChIJbb9cGLhoSUcRdl5UU6wB4Q4,A,Dacia Service Automobile Turda,service auto,Turda,0748 887 333,https://maps.google.com/?cid=1072140025934929526&g_mp=Cidnb29nbGUubWFwcy5wbGFjZXMudjEuUGxhY2VzLlNlYXJjaFRleHQQAhgEIAA,,none,4.8,930,9,A,NEW,,2026-08-13,,,"Extra A-lead from 2026-08-13 scan, held for a future week (WIP cap = 3 builds/week)."
ChIJc3rTOf5nSUcRzFzT6JPhJQI,A,Ștefdan Comimpex,service auto,Campia Turzii,0742 540 044,https://maps.google.com/?cid=154777787596758220&g_mp=Cidnb29nbGUubWFwcy5wbGFjZXMudjEuUGxhY2VzLlNlYXJjaFRleHQQAhgEIAA,,none,4.9,17,9,A,NEW,,2026-08-13,,,"Extra A-lead from 2026-08-13 scan, held for a future week (WIP cap = 3 builds/week)."
ChIJXQ13QABnSUcRp6dqepE5QCE,A,Service Eurocuantic,service auto,Campia Turzii,0759 670 831,https://maps.google.com/?cid=2395978298747955111&g_mp=Cidnb29nbGUubWFwcy5wbGFjZXMudjEuUGxhY2VzLlNlYXJjaFRleHQQAhgEIAA,,none,4.5,8,9,A,NEW,,2026-08-13,,,"Extra A-lead from 2026-08-13 scan, held for a future week (WIP cap = 3 builds/week)."
ChIJz4ZrM8hmSUcRhVG6yNe7n-Q,A,Călinserv,service auto,Campia Turzii,0753 662 550,https://maps.google.com/?cid=16474092497404580229&g_mp=Cidnb29nbGUubWFwcy5wbGFjZXMudjEuUGxhY2VzLlNlYXJjaFRleHQQAhgEIAA,,none,4.5,60,9,A,NEW,,2026-08-13,,,"Extra A-lead from 2026-08-13 scan, held for a future week (WIP cap = 3 builds/week)."
ChIJOYKSvZVmSUcRDtnifhx4FEE,A,Vulcanizare Prodim 2004,service auto,Campia Turzii,0740 254 267,https://maps.google.com/?cid=4689505175782742286&g_mp=Cidnb29nbGUubWFwcy5wbGFjZXMudjEuUGxhY2VzLlNlYXJjaFRleHQQAhgEIAA,,none,4.7,103,9,A,NEW,,2026-08-13,,,"Extra A-lead from 2026-08-13 scan, held for a future week (WIP cap = 3 builds/week)."
ChIJNYVyezdnSUcRey4lGzeCPxk,A,Wuw Autotehnic Expert,service auto,Campia Turzii,0758 088 281,https://maps.google.com/?cid=1819315947671203451&g_mp=Cidnb29nbGUubWFwcy5wbGFjZXMudjEuUGxhY2VzLlNlYXJjaFRleHQQAhgEIAA,,none,5,17,9,A,NEW,,2026-08-13,,,"Extra A-lead from 2026-08-13 scan, held for a future week (WIP cap = 3 builds/week)."
ChIJG4TKNepnSUcR3kQl-wS2aZU,A,ITP Campia Turzii,service auto,Campia Turzii,0743 116 434,https://maps.google.com/?cid=10766336516715529438&g_mp=Cidnb29nbGUubWFwcy5wbGFjZXMudjEuUGxhY2VzLlNlYXJjaFRleHQQAhgEIAA,,none,4.9,20,9,A,NEW,,2026-08-13,,,"Extra A-lead from 2026-08-13 scan, held for a future week (WIP cap = 3 builds/week)."
ChIJcTY67adnSUcR-X4BOif_YeU,A,Marauto Body Shop,service auto,Campia Turzii,0787 643 488,https://maps.google.com/?cid=16528772651368414969&g_mp=Cidnb29nbGUubWFwcy5wbGFjZXMudjEuUGxhY2VzLlNlYXJjaFRleHQQAhgEIAA,,none,4.6,32,9,A,NEW,,2026-08-13,,,"Extra A-lead from 2026-08-13 scan, held for a future week (WIP cap = 3 builds/week)."
ChIJLX9JEQBnSUcRG8_dclDmw0M,A,BMW Service Nicu Dobre,service auto,Campia Turzii,0744 886 443,https://maps.google.com/?cid=4882999654198660891&g_mp=Cidnb29nbGUubWFwcy5wbGFjZXMudjEuUGxhY2VzLlNlYXJjaFRleHQQAhgEIAA,,none,5,5,9,A,NEW,,2026-08-13,,,"Extra A-lead from 2026-08-13 scan, held for a future week (WIP cap = 3 builds/week)."
ChIJSX7iZzANSUcRXUntIPCAso0,A,Sky Auto,service auto,Iara Cluj,0733 046 211,https://maps.google.com/?cid=10210365074035263837&g_mp=Cidnb29nbGUubWFwcy5wbGFjZXMudjEuUGxhY2VzLlNlYXJjaFRleHQQAhgEIAA,,none,4.6,86,9,A,NEW,,2026-08-13,,,"Extra A-lead from 2026-08-13 scan, held for a future week (WIP cap = 3 builds/week)."
ChIJ-w1_RwAPSUcRpc3ONQhF__M,A,Patrimek Service Auto,service auto,Iara Cluj,0749 016 699,https://maps.google.com/?cid=17581847371842506149&g_mp=Cidnb29nbGUubWFwcy5wbGFjZXMudjEuUGxhY2VzLlNlYXJjaFRleHQQAhgEIAA,,none,5,67,9,A,NEW,,2026-08-13,,,"Extra A-lead from 2026-08-13 scan, held for a future week (WIP cap = 3 builds/week)."
ChIJLVmE94cQSUcRpqmt1bBg-UY,A,Q-Service David Car,service auto,Savadisla,0744 188 410,https://maps.google.com/?cid=5114225164471347622&g_mp=Cidnb29nbGUubWFwcy5wbGFjZXMudjEuUGxhY2VzLlNlYXJjaFRleHQQAhgEIAA,,none,4.4,130,9,A,NEW,,2026-08-13,,,"Extra A-lead from 2026-08-13 scan, held for a future week (WIP cap = 3 builds/week)."
ChIJPynYeX4NSUcRUbt0MgM1z50,A,Auto N&G Service,service auto,Savadisla,0745 634 264,https://maps.google.com/?cid=11371365871981476689&g_mp=Cidnb29nbGUubWFwcy5wbGFjZXMudjEuUGxhY2VzLlNlYXJjaFRleHQQAhgEIAA,,none,5,25,9,A,NEW,,2026-08-13,,,"Extra A-lead from 2026-08-13 scan, held for a future week (WIP cap = 3 builds/week)."
ChIJoXuizCEDSUcRhFeDP2LmRTw,A,ROBI SERVICE S.R.L.,service auto,Capusu Mare,0752 960 532,https://maps.google.com/?cid=4343130725315467140&g_mp=Cidnb29nbGUubWFwcy5wbGFjZXMudjEuUGxhY2VzLlNlYXJjaFRleHQQAhgEIAA,,none,5,5,9,A,NEW,,2026-08-13,,,"Extra A-lead from 2026-08-13 scan, held for a future week (WIP cap = 3 builds/week)."
ChIJg7O2qSMbSUcReWplMsz33FU,A,TRF KAR SERVICE,service auto,Capusu Mare,0732 588 087,https://maps.google.com/?cid=6187092444491115129&g_mp=Cidnb29nbGUubWFwcy5wbGFjZXMudjEuUGxhY2VzLlNlYXJjaFRleHQQAhgEIAA,,none,4.9,33,9,A,NEW,,2026-08-13,,,"Extra A-lead from 2026-08-13 scan, held for a future week (WIP cap = 3 builds/week)."
ChIJEQJXR1IPSUcR5vTzrTSzzmU,A,Fresh Auto,service auto,Aghiresu,0759 851 032,https://maps.google.com/?cid=7335997881871234278&g_mp=Cidnb29nbGUubWFwcy5wbGFjZXMudjEuUGxhY2VzLlNlYXJjaFRleHQQAhgEIAA,,none,4.6,11,9,A,NEW,,2026-08-13,,,"Extra A-lead from 2026-08-13 scan, held for a future week (WIP cap = 3 builds/week)."
ChIJU0KkRQEJSUcRrJK_XsH0o3k,A,Vulcanizare Chinteni Mgy Tire Change,service auto,Chinteni,0740 544 018,https://maps.google.com/?cid=8765118411148595884&g_mp=Cidnb29nbGUubWFwcy5wbGFjZXMudjEuUGxhY2VzLlNlYXJjaFRleHQQAhgEIAA,,none,5,80,9,A,NEW,,2026-08-13,,,"Extra A-lead from 2026-08-13 scan, held for a future week (WIP cap = 3 builds/week)."
ChIJPZ4G6wUJSUcRjI6JoyMnnjE,A,Vulcanizare Chinteni,service auto,Chinteni,0745 605 671,https://maps.google.com/?cid=3575338188199792268&g_mp=Cidnb29nbGUubWFwcy5wbGFjZXMudjEuUGxhY2VzLlNlYXJjaFRleHQQAhgEIAA,,none,4.6,38,9,A,NEW,,2026-08-13,,,"Extra A-lead from 2026-08-13 scan, held for a future week (WIP cap = 3 builds/week)."
ChIJr-eVJssLSUcRz9qDIiR69eo,A,Napoval Service Auto,service auto,Chinteni,0741 350 950,https://maps.google.com/?cid=16930572669785725647&g_mp=Cidnb29nbGUubWFwcy5wbGFjZXMudjEuUGxhY2VzLlNlYXJjaFRleHQQAhgEIAA,,none,4.6,9,9,A,NEW,,2026-08-13,,,"Extra A-lead from 2026-08-13 scan, held for a future week (WIP cap = 3 builds/week)."
ChIJOR1hYKoNSUcR_o4FnO0bEQA,A,Vulcanizare BEN,service auto,Feleacu,0749 153 561,https://maps.google.com/?cid=4815781942890238&g_mp=Cidnb29nbGUubWFwcy5wbGFjZXMudjEuUGxhY2VzLlNlYXJjaFRleHQQAhgEIAA,,none,4.3,47,9,A,NEW,,2026-08-13,,,"Extra A-lead from 2026-08-13 scan, held for a future week (WIP cap = 3 builds/week)."
ChIJ0xkJdBkPSUcRd4FCjHabal0,A,Vulcanizare Auto Floresti - NextWheel,vulcanizare,Gilau,0740 605 149,https://maps.google.com/?cid=6731363526520242551&g_mp=Cidnb29nbGUubWFwcy5wbGFjZXMudjEuUGxhY2VzLlNlYXJjaFRleHQQAhgEIAA,,none,4.9,170,9,A,NEW,,2026-08-13,,,"Extra A-lead from 2026-08-13 scan, held for a future week (WIP cap = 3 builds/week)."
ChIJi_B3TnoOSUcROqNBHb-oHCc,A,Kimera,vulcanizare,Gilau,0773 917 981,https://maps.google.com/?cid=2818313005610148666&g_mp=Cidnb29nbGUubWFwcy5wbGFjZXMudjEuUGxhY2VzLlNlYXJjaFRleHQQAhgEIAA,,none,4.5,70,9,A,NEW,,2026-08-13,,,"Extra A-lead from 2026-08-13 scan, held for a future week (WIP cap = 3 builds/week)."
ChIJKRPC5K8RSUcRx8VSzLsRmrM,A,vulcanizare&service21,vulcanizare,Floresti Cluj,0770 795 928,https://maps.google.com/?cid=12941675977487074759&g_mp=Cidnb29nbGUubWFwcy5wbGFjZXMudjEuUGxhY2VzLlNlYXJjaFRleHQQAhgEIAA,,none,4.7,149,9,A,NEW,,2026-08-13,,,"Extra A-lead from 2026-08-13 scan, held for a future week (WIP cap = 3 builds/week)."
ChIJv1LtowIPSUcRpO-5LEEh_-I,A,Vulcanizare Auto,vulcanizare,Floresti Cluj,0756 204 800,https://maps.google.com/?cid=16356828935439904676&g_mp=Cidnb29nbGUubWFwcy5wbGFjZXMudjEuUGxhY2VzLlNlYXJjaFRleHQQAhgEIAA,,none,5,14,9,A,NEW,,2026-08-13,,,"Extra A-lead from 2026-08-13 scan, held for a future week (WIP cap = 3 builds/week)."
ChIJBf-jfnIRSUcRgGSUab2lOkw,A,Pro Wheels Service,vulcanizare,Floresti Cluj,0741 611 616,https://maps.google.com/?cid=5492884928470475904&g_mp=Cidnb29nbGUubWFwcy5wbGFjZXMudjEuUGxhY2VzLlNlYXJjaFRleHQQAhgEIAA,,none,4.9,48,9,A,NEW,,2026-08-13,,,"Extra A-lead from 2026-08-13 scan, held for a future week (WIP cap = 3 builds/week)."
ChIJ4534VAAPSUcR-8ga066Fap4,A,"Spalatorie AutoSic, Detailing auto, vulcanizare și echilibrare",vulcanizare,Floresti Cluj,0745 075 391,https://maps.google.com/?cid=11415083191436495099&g_mp=Cidnb29nbGUubWFwcy5wbGFjZXMudjEuUGxhY2VzLlNlYXJjaFRleHQQAhgEIAA,,none,4.6,17,9,A,NEW,,2026-08-13,,,"Extra A-lead from 2026-08-13 scan, held for a future week (WIP cap = 3 builds/week)."
ChIJp957eTZ1SUcR6P1JLYr2EnQ,A,Fensu,vulcanizare,Apahida,0752 928 113,https://maps.google.com/?cid=8364018531306175976&g_mp=Cidnb29nbGUubWFwcy5wbGFjZXMudjEuUGxhY2VzLlNlYXJjaFRleHQQAhgEIAA,,none,5,8,9,A,NEW,,2026-08-13,,,"Extra A-lead from 2026-08-13 scan, held for a future week (WIP cap = 3 builds/week)."
ChIJw8ephxYLSUcRUB3Vfsyd6Qk,A,Vulcanizare Sannicoara,vulcanizare,Apahida,0743 663 382,https://maps.google.com/?cid=714275517541719376&g_mp=Cidnb29nbGUubWFwcy5wbGFjZXMudjEuUGxhY2VzLlNlYXJjaFRleHQQAhgEIAA,,none,4.6,44,9,A,NEW,,2026-08-13,,,"Extra A-lead from 2026-08-13 scan, held for a future week (WIP cap = 3 builds/week)."
ChIJ99JP9idmSUcRrQEUyA2NimI,A,"VULCANIZARE & SERVICE ROȚI ""RIOLA IMPEX"" partener NEXXON",vulcanizare,Turda,0264 313 064,https://maps.google.com/?cid=7100642852833853869&g_mp=Cidnb29nbGUubWFwcy5wbGFjZXMudjEuUGxhY2VzLlNlYXJjaFRleHQQAhgEIAA,,none,4.5,192,9,A,NEW,,2026-08-13,,,"Extra A-lead from 2026-08-13 scan, held for a future week (WIP cap = 3 builds/week)."
ChIJ0X5QmVtnSUcRhOrH9MoBTkg,A,Vulcanizare Auto,vulcanizare,Turda,0741 983 672,https://maps.google.com/?cid=5210103790116006532&g_mp=Cidnb29nbGUubWFwcy5wbGFjZXMudjEuUGxhY2VzLlNlYXJjaFRleHQQAhgEIAA,,none,4.9,44,9,A,NEW,,2026-08-13,,,"Extra A-lead from 2026-08-13 scan, held for a future week (WIP cap = 3 builds/week)."
ChIJJ8t_Qy5pSUcRHmQgkhNINyk,A,Vulcanizare Auto Mobila Turda,vulcanizare,Turda,0746 906 649,https://maps.google.com/?cid=2969921728167306270&g_mp=Cidnb29nbGUubWFwcy5wbGFjZXMudjEuUGxhY2VzLlNlYXJjaFRleHQQAhgEIAA,,none,5,8,9,A,NEW,,2026-08-13,,,"Extra A-lead from 2026-08-13 scan, held for a future week (WIP cap = 3 builds/week)."
ChIJ-0vQ_KtnSUcRaB0DIx0T3dI,A,Vulcanizare mobila Turda Seby,vulcanizare,Turda,0747 843 614,https://maps.google.com/?cid=15194321733680307560&g_mp=Cidnb29nbGUubWFwcy5wbGFjZXMudjEuUGxhY2VzLlNlYXJjaFRleHQQAhgEIAA,,none,5,37,9,A,NEW,,2026-08-13,,,"Extra A-lead from 2026-08-13 scan, held for a future week (WIP cap = 3 builds/week)."
ChIJB_4diURnSUcRmUiXxqAM1kY,A,Mobila Turda,vulcanizare,Turda,0745 585 460,https://maps.google.com/?cid=5104281112337139865&g_mp=Cidnb29nbGUubWFwcy5wbGFjZXMudjEuUGxhY2VzLlNlYXJjaFRleHQQAhgEIAA,,none,4.7,21,9,A,NEW,,2026-08-13,,,"Extra A-lead from 2026-08-13 scan, held for a future week (WIP cap = 3 builds/week)."
ChIJuTzg-vxnSUcRVog_kCw76ks,A,Vulcanizare Mobila,vulcanizare,Turda,0741 558 106,https://maps.google.com/?cid=5470249759979571286&g_mp=Cidnb29nbGUubWFwcy5wbGFjZXMudjEuUGxhY2VzLlNlYXJjaFRleHQQAhgEIAA,,none,5,6,9,A,NEW,,2026-08-13,,,"Extra A-lead from 2026-08-13 scan, held for a future week (WIP cap = 3 builds/week)."
ChIJZ6ze5ydmSUcRLuI6TbDOBcU,A,Calinserv,vulcanizare,Turda,0741 904 983,https://maps.google.com/?cid=14196980656960627246&g_mp=Cidnb29nbGUubWFwcy5wbGFjZXMudjEuUGxhY2VzLlNlYXJjaFRleHQQAhgEIAA,,none,4.6,106,9,A,NEW,,2026-08-13,,,"Extra A-lead from 2026-08-13 scan, held for a future week (WIP cap = 3 builds/week)."
ChIJtxzgI-9nSUcRbKWVNTvZGAg,A,Vulcanizare mobila Turda non-stop camioane,vulcanizare,Turda,0741 558 106,https://maps.google.com/?cid=583455000069776748&g_mp=Cidnb29nbGUubWFwcy5wbGFjZXMudjEuUGxhY2VzLlNlYXJjaFRleHQQAhgEIAA,,none,4.8,18,9,A,NEW,,2026-08-13,,,"Extra A-lead from 2026-08-13 scan, held for a future week (WIP cap = 3 builds/week)."
ChIJXfwpQw9nSUcRkbjxLd7AxvE,A,"Turda, Ludus ,Câmpia Turzii",vulcanizare,Turda,0746 343 332,https://maps.google.com/?cid=17421824269015431313&g_mp=Cidnb29nbGUubWFwcy5wbGFjZXMudjEuUGxhY2VzLlNlYXJjaFRleHQQAhgEIAA,,none,5,14,9,A,NEW,,2026-08-13,,,"Extra A-lead from 2026-08-13 scan, held for a future week (WIP cap = 3 builds/week)."
ChIJE6Skoq5nSUcR8kHuXdbxSxQ,A,"Spalatorie auto, vulcanizare, spalatorie covoare",vulcanizare,Campia Turzii,0749 314 639,https://maps.google.com/?cid=1462528407013048818&g_mp=Cidnb29nbGUubWFwcy5wbGFjZXMudjEuUGxhY2VzLlNlYXJjaFRleHQQAhgEIAA,,none,4.3,31,9,A,NEW,,2026-08-13,,,"Extra A-lead from 2026-08-13 scan, held for a future week (WIP cap = 3 builds/week)."
ChIJ28qHD0sMSUcRqcoD1r1uOkw,A,Vulcanizare Echilibrare | Încarcare Clima Auto,vulcanizare,Iara Cluj,0745 393 619,https://maps.google.com/?cid=5492824457150188201&g_mp=Cidnb29nbGUubWFwcy5wbGFjZXMudjEuUGxhY2VzLlNlYXJjaFRleHQQAhgEIAA,,none,4.3,224,9,A,NEW,,2026-08-13,,,"Extra A-lead from 2026-08-13 scan, held for a future week (WIP cap = 3 builds/week)."
ChIJUSq5JKIPSUcRduS2IBIA45I,A,Cam Vulcanizare,vulcanizare,Iara Cluj,0756 433 586,https://maps.google.com/?cid=10584303627109065846&g_mp=Cidnb29nbGUubWFwcy5wbGFjZXMudjEuUGxhY2VzLlNlYXJjaFRleHQQAhgEIAA,,none,4.7,429,9,A,NEW,,2026-08-13,,,"Extra A-lead from 2026-08-13 scan, held for a future week (WIP cap = 3 builds/week)."
ChIJo5FRYugNSUcRiV4dPSgkskA,A,Vulcanizare GDA,vulcanizare,Iara Cluj,0744 256 932,https://maps.google.com/?cid=4661828319524511369&g_mp=Cidnb29nbGUubWFwcy5wbGFjZXMudjEuUGxhY2VzLlNlYXJjaFRleHQQAhgEIAA,,none,4.9,59,9,A,NEW,,2026-08-13,,,"Extra A-lead from 2026-08-13 scan, held for a future week (WIP cap = 3 builds/week)."
ChIJLWYqQiwNSUcRmB5q3O3fkiU,A,Vulcanizare Rapida Centru Cluj,vulcanizare,Iara Cluj,0264 414 314,https://maps.google.com/?cid=2707472538701274776&g_mp=Cidnb29nbGUubWFwcy5wbGFjZXMudjEuUGxhY2VzLlNlYXJjaFRleHQQAhgEIAA,,none,4.9,68,9,A,NEW,,2026-08-13,,,"Extra A-lead from 2026-08-13 scan, held for a future week (WIP cap = 3 builds/week)."
ChIJwY_Swm0MSUcRJ3otWXE6qs4,A,Vulcanizare Autoserv 4 You,vulcanizare,Savadisla,0745 900 388,https://maps.google.com/?cid=14891779376355834407&g_mp=Cidnb29nbGUubWFwcy5wbGFjZXMudjEuUGxhY2VzLlNlYXJjaFRleHQQAhgEIAA,,none,4.7,76,9,A,NEW,,2026-08-13,,,"Extra A-lead from 2026-08-13 scan, held for a future week (WIP cap = 3 builds/week)."
ChIJ-UqWVKwOSUcRUAgP97UCeKE,A,Auto Pro Vulcan Srl,vulcanizare,Savadisla,0740 196 478,https://maps.google.com/?cid=11635052617868970064&g_mp=Cidnb29nbGUubWFwcy5wbGFjZXMudjEuUGxhY2VzLlNlYXJjaFRleHQQAhgEIAA,,none,4.7,138,9,A,NEW,,2026-08-13,,,"Extra A-lead from 2026-08-13 scan, held for a future week (WIP cap = 3 builds/week)."
ChIJ6WfRGq8OSUcRLNFUWkfUY8g,A,Vulcanizare - Echilibrare PAUL&ALIN SERV SRL,vulcanizare,Savadisla,0755 032 121,https://maps.google.com/?cid=14439618233203216684&g_mp=Cidnb29nbGUubWFwcy5wbGFjZXMudjEuUGxhY2VzLlNlYXJjaFRleHQQAhgEIAA,,none,4.3,102,9,A,NEW,,2026-08-13,,,"Extra A-lead from 2026-08-13 scan, held for a future week (WIP cap = 3 builds/week)."
ChIJJ7kHBQEPSUcRP0C48EeaelY,A,GS Quick Serv,vulcanizare,Savadisla,0759 330 370,https://maps.google.com/?cid=6231462668192464959&g_mp=Cidnb29nbGUubWFwcy5wbGFjZXMudjEuUGxhY2VzLlNlYXJjaFRleHQQAhgEIAA,,none,5,7,9,A,NEW,,2026-08-13,,,"Extra A-lead from 2026-08-13 scan, held for a future week (WIP cap = 3 builds/week)."
ChIJxdMat7gOSUcRoKmL4dNJkL4,A,Vulcanizare Corneliu & M Impex,vulcanizare,Savadisla,0264 436 809,https://maps.google.com/?cid=13731556438223595936&g_mp=Cidnb29nbGUubWFwcy5wbGFjZXMudjEuUGxhY2VzLlNlYXJjaFRleHQQAhgEIAA,,none,4.5,89,9,A,NEW,,2026-08-13,,,"Extra A-lead from 2026-08-13 scan, held for a future week (WIP cap = 3 builds/week)."
ChIJWxuvmYsOSUcRDcaOTDgz9ZM,A,vulcanizare,vulcanizare,Savadisla,0759 330 370,https://maps.google.com/?cid=10661484009765127693&g_mp=Cidnb29nbGUubWFwcy5wbGFjZXMudjEuUGxhY2VzLlNlYXJjaFRleHQQAhgEIAA,,none,4.8,25,9,A,NEW,,2026-08-13,,,"Extra A-lead from 2026-08-13 scan, held for a future week (WIP cap = 3 builds/week)."
ChIJ-5j6v-51SUcRw_G3eXYKogA,A,vulcanizare moristi,vulcanizare,Cojocna,0753 388 669,https://maps.google.com/?cid=45610450191643075&g_mp=Cidnb29nbGUubWFwcy5wbGFjZXMudjEuUGxhY2VzLlNlYXJjaFRleHQQAhgEIAA,,none,4.9,22,9,A,NEW,,2026-08-13,,,"Extra A-lead from 2026-08-13 scan, held for a future week (WIP cap = 3 builds/week)."
ChIJ0yZJ1fsPSUcRpLEb1zv9HBs,A,GRAMIN Auto - Vulcanizare Mobila Non Stop,vulcanizare,Cojocna,0748 824 886,https://maps.google.com/?cid=1953714771825766820&g_mp=Cidnb29nbGUubWFwcy5wbGFjZXMudjEuUGxhY2VzLlNlYXJjaFRleHQQAhgEIAA,,none,4.7,36,9,A,NEW,,2026-08-13,,,"Extra A-lead from 2026-08-13 scan, held for a future week (WIP cap = 3 builds/week)."
ChIJc7XnB3YMSUcRfU9VXfCwgrI,A,Magazinul Gospodarului,magazin furaje,Floresti Cluj,0740 068 486,https://maps.google.com/?cid=12863038032128069501&g_mp=Cidnb29nbGUubWFwcy5wbGFjZXMudjEuUGxhY2VzLlNlYXJjaFRleHQQAhgEIAA,,none,4,73,8,A,NEW,,2026-08-13,,,"Extra A-lead from 2026-08-13 scan, held for a future week (WIP cap = 3 builds/week)."
ChIJ5dcVHQChSUcRxvyzjhrDfRw,A,Magazin furaje Rascruci,magazin furaje,Jucu,0754 549 059,https://maps.google.com/?cid=2053011523981540550&g_mp=Cidnb29nbGUubWFwcy5wbGFjZXMudjEuUGxhY2VzLlNlYXJjaFRleHQQAhgEIAA,,none,5,1,8,A,NEW,,2026-08-13,,,"Extra A-lead from 2026-08-13 scan, held for a future week (WIP cap = 3 builds/week)."
ChIJL-jMhb69SUcRre7OwIf7VZ8,A,Pet Shop Gherla,magazin furaje,Gherla,0736 127 147,https://maps.google.com/?cid=11481359385524891309&g_mp=Cidnb29nbGUubWFwcy5wbGFjZXMudjEuUGxhY2VzLlNlYXJjaFRleHQQAhgEIAA,,none,4.8,79,8,A,NEW,,2026-08-13,,,"Extra A-lead from 2026-08-13 scan, held for a future week (WIP cap = 3 builds/week)."
ChIJNWFDu769SUcR1vaE5599ISM,A,Anzona,magazin furaje,Gherla,0264 241 117,https://maps.google.com/?cid=2531442591296452310&g_mp=Cidnb29nbGUubWFwcy5wbGFjZXMudjEuUGxhY2VzLlNlYXJjaFRleHQQAhgEIAA,,none,4.4,5,8,A,NEW,,2026-08-13,,,"Extra A-lead from 2026-08-13 scan, held for a future week (WIP cap = 3 builds/week)."
ChIJvb3IE5rxSEcRZ9b4IUBAGds,A,MESIADA HUEDIN,magazin furaje,Huedin,0758 148 237,https://maps.google.com/?cid=15787720612916024935&g_mp=Cidnb29nbGUubWFwcy5wbGFjZXMudjEuUGxhY2VzLlNlYXJjaFRleHQQAhgEIAA,,none,4.8,10,8,A,NEW,,2026-08-13,,,"Extra A-lead from 2026-08-13 scan, held for a future week (WIP cap = 3 builds/week)."
ChIJm4tEgBMMSUcRKVupyRJiYLE,A,VIRELI IMPEX S.R.L.,magazin furaje,Savadisla,0744 396 239,https://maps.google.com/?cid=12781323575309720361&g_mp=Cidnb29nbGUubWFwcy5wbGFjZXMudjEuUGxhY2VzLlNlYXJjaFRleHQQAhgEIAA,,none,5,1,8,A,NEW,,2026-08-13,,,"Extra A-lead from 2026-08-13 scan, held for a future week (WIP cap = 3 builds/week)."
ChIJcS11qGAMSUcRQQPnnQ_RkgM,A,Dezmembrari V.A.G Cluj,dezmembrari auto,Gilau,0738 517 770,https://maps.google.com/?cid=257497993717416769&g_mp=Cidnb29nbGUubWFwcy5wbGFjZXMudjEuUGxhY2VzLlNlYXJjaFRleHQQAhgEIAA,,none,4,192,8,A,NEW,,2026-08-13,,,"Extra A-lead from 2026-08-13 scan, held for a future week (WIP cap = 3 builds/week)."
ChIJ5cIzbYAOSUcRgsGif-HSaqU,A,Dezmembrari Dacia,dezmembrari auto,Gilau,0745 038 714,https://maps.google.com/?cid=11919571229740286338&g_mp=Cidnb29nbGUubWFwcy5wbGFjZXMudjEuUGxhY2VzLlNlYXJjaFRleHQQAhgEIAA,,none,4.2,37,8,A,NEW,,2026-08-13,,,"Extra A-lead from 2026-08-13 scan, held for a future week (WIP cap = 3 builds/week)."
ChIJz_K5F2cOSUcRDJ6-JPibw-w,A,G&M Impex,dezmembrari auto,Gilau,0264 452 397,https://maps.google.com/?cid=17060651303480237580&g_mp=Cidnb29nbGUubWFwcy5wbGFjZXMudjEuUGxhY2VzLlNlYXJjaFRleHQQAhgEIAA,,none,4.1,639,8,A,NEW,,2026-08-13,,,"Extra A-lead from 2026-08-13 scan, held for a future week (WIP cap = 3 builds/week)."
ChIJMwSk5iQLSUcR9nsQx4R3unw,A,RMD Auto,dezmembrari auto,Apahida,0749 417 011,https://maps.google.com/?cid=8987627418530380790&g_mp=Cidnb29nbGUubWFwcy5wbGFjZXMudjEuUGxhY2VzLlNlYXJjaFRleHQQAhgEIAA,,none,5,1,8,A,NEW,,2026-08-13,,,"Extra A-lead from 2026-08-13 scan, held for a future week (WIP cap = 3 builds/week)."
ChIJk25Pcq-5SUcR3NMO-X2I-2A,A,Autobit,dezmembrari auto,Dej,0760 600 086,https://maps.google.com/?cid=6988329321426244572&g_mp=Cidnb29nbGUubWFwcy5wbGFjZXMudjEuUGxhY2VzLlNlYXJjaFRleHQQAhgEIAA,,none,4.9,48,8,A,NEW,,2026-08-13,,,"Extra A-lead from 2026-08-13 scan, held for a future week (WIP cap = 3 builds/week)."
ChIJR1NX4m_HSUcRJHP2BLy176M,A,Fil Autoserv,dezmembrari auto,Dej,0741 085 047,https://maps.google.com/?cid=11812860166757839652&g_mp=Cidnb29nbGUubWFwcy5wbGFjZXMudjEuUGxhY2VzLlNlYXJjaFRleHQQAhgEIAA,,none,4.3,91,8,A,NEW,,2026-08-13,,,"Extra A-lead from 2026-08-13 scan, held for a future week (WIP cap = 3 builds/week)."
ChIJDVgzk_dnSUcRTmJ4_iAA1yA,A,Dezmembrari auto Campia Turzii-Enrimar,dezmembrari auto,Campia Turzii,0728 393 337,https://maps.google.com/?cid=2366360270914740814&g_mp=Cidnb29nbGUubWFwcy5wbGFjZXMudjEuUGxhY2VzLlNlYXJjaFRleHQQAhgEIAA,,none,5,4,8,A,NEW,,2026-08-13,,,"Extra A-lead from 2026-08-13 scan, held for a future week (WIP cap = 3 builds/week)."
ChIJVYUbn8kPSUcRu4yGXEfhxKA,A,Movi Impex,dezmembrari auto,Mociu,0730 230 733,https://maps.google.com/?cid=11584631838115007675&g_mp=Cidnb29nbGUubWFwcy5wbGFjZXMudjEuUGxhY2VzLlNlYXJjaFRleHQQAhgEIAA,,none,5,7,8,A,NEW,,2026-08-13,,,"Extra A-lead from 2026-08-13 scan, held for a future week (WIP cap = 3 builds/week)."
ChIJLYoEKjgOSUcRu5_GrqGTrII,A,Auto Safe Motors,service auto,Floresti Cluj,0740 892 843,https://maps.google.com/?cid=9416063243556134843&g_mp=Cidnb29nbGUubWFwcy5wbGFjZXMudjEuUGxhY2VzLlNlYXJjaFRleHQQAhgEIAA,,none,4,21,8,A,NEW,,2026-08-13,,,"Extra A-lead from 2026-08-13 scan, held for a future week (WIP cap = 3 builds/week)."
ChIJz1-OROEOSUcRlLU7lH65Jhk,A,glisando auto service,service auto,Baciu Cluj,0723 017 339,https://maps.google.com/?cid=1812339853367162260&g_mp=Cidnb29nbGUubWFwcy5wbGFjZXMudjEuUGxhY2VzLlNlYXJjaFRleHQQAhgEIAA,,none,4,16,8,A,NEW,,2026-08-13,,,"Extra A-lead from 2026-08-13 scan, held for a future week (WIP cap = 3 builds/week)."
ChIJ3WF2ZFS9SUcR9CN0N7e3pXQ,A,Sc Ady&Lica auto srl,service auto,Bontida,0742 123 880,https://maps.google.com/?cid=8405326277094155252&g_mp=Cidnb29nbGUubWFwcy5wbGFjZXMudjEuUGxhY2VzLlNlYXJjaFRleHQQAhgEIAA,,none,5,4,8,A,NEW,,2026-08-13,,,"Extra A-lead from 2026-08-13 scan, held for a future week (WIP cap = 3 builds/week)."
ChIJ0TxVLAC9SUcRuNzNsJ8MXI0,A,Service Auto Fritzi,service auto,Gherla,0744 989 748,https://maps.google.com/?cid=10186030337210834104&g_mp=Cidnb29nbGUubWFwcy5wbGFjZXMudjEuUGxhY2VzLlNlYXJjaFRleHQQAhgEIAA,,none,4.8,18,8,A,NEW,,2026-08-13,,,"Extra A-lead from 2026-08-13 scan, held for a future week (WIP cap = 3 builds/week)."
ChIJ3wI1MK69SUcR0L0v5FJvvnY,A,ITP Simplex Motors S.R.L.,service auto,Gherla,0766 429 454,https://maps.google.com/?cid=8556398743856856528&g_mp=Cidnb29nbGUubWFwcy5wbGFjZXMudjEuUGxhY2VzLlNlYXJjaFRleHQQAhgEIAA,,none,5,26,8,A,NEW,,2026-08-13,,,"Extra A-lead from 2026-08-13 scan, held for a future week (WIP cap = 3 builds/week)."
ChIJi4KCdgC9SUcRcfS9cd4JjKg,A,Florin Prest Com,service auto,Gherla,0264 241 547,https://maps.google.com/?cid=12145093146107049073&g_mp=Cidnb29nbGUubWFwcy5wbGFjZXMudjEuUGxhY2VzLlNlYXJjaFRleHQQAhgEIAA,,none,4,14,8,A,NEW,,2026-08-13,,,"Extra A-lead from 2026-08-13 scan, held for a future week (WIP cap = 3 builds/week)."
ChIJf9VmM0W5SUcR6kBgRd3t-QQ,A,Top Auto DMV,service auto,Dej,0724 053 394,https://maps.google.com/?cid=358579179960156394&g_mp=Cidnb29nbGUubWFwcy5wbGFjZXMudjEuUGxhY2VzLlNlYXJjaFRleHQQAhgEIAA,,none,4.6,121,8,A,NEW,,2026-08-13,,,"Extra A-lead from 2026-08-13 scan, held for a future week (WIP cap = 3 builds/week)."
ChIJN-QFURq5SUcRuKLoP6dmsvE,A,DMA Auto,service auto,Dej,0767 700 013,https://maps.google.com/?cid=17416095577512911544&g_mp=Cidnb29nbGUubWFwcy5wbGFjZXMudjEuUGxhY2VzLlNlYXJjaFRleHQQAhgEIAA,,none,5,10,8,A,NEW,,2026-08-13,,,"Extra A-lead from 2026-08-13 scan, held for a future week (WIP cap = 3 builds/week)."
ChIJBZzXq2TxSEcRor5p42PX9N8,A,Tractari Auto si Asistenta Rutiera zona Huedin,service auto,Huedin,0741 734 141,https://maps.google.com/?cid=16137760188792422050&g_mp=Cidnb29nbGUubWFwcy5wbGFjZXMudjEuUGxhY2VzLlNlYXJjaFRleHQQAhgEIAA,,none,5,24,8,A,NEW,,2026-08-13,,,"Extra A-lead from 2026-08-13 scan, held for a future week (WIP cap = 3 builds/week)."
ChIJvex4rF_xSEcRqQb1ubxrU8A,A,Vulcanizare Mobila Non-Stop Huedin,service auto,Huedin,0775 101 302,https://maps.google.com/?cid=13858538936667014825&g_mp=Cidnb29nbGUubWFwcy5wbGFjZXMudjEuUGxhY2VzLlNlYXJjaFRleHQQAhgEIAA,,none,5,119,8,A,NEW,,2026-08-13,,,"Extra A-lead from 2026-08-13 scan, held for a future week (WIP cap = 3 builds/week)."
ChIJ79bTBF_7SEcR4aiN8e03qPY,A,ITP F1 AUTO,service auto,Huedin,0753 847 582,https://maps.google.com/?cid=17773517424517032161&g_mp=Cidnb29nbGUubWFwcy5wbGFjZXMudjEuUGxhY2VzLlNlYXJjaFRleHQQAhgEIAA,,none,5,14,8,A,NEW,,2026-08-13,,,"Extra A-lead from 2026-08-13 scan, held for a future week (WIP cap = 3 builds/week)."
ChIJfWR_x2DxSEcRc3qolz56iBc,A,Tractări auto non-stop TSA,service auto,Huedin,0740 403 292,https://maps.google.com/?cid=1695739668955953779&g_mp=Cidnb29nbGUubWFwcy5wbGFjZXMudjEuUGxhY2VzLlNlYXJjaFRleHQQAhgEIAA,,none,5,11,8,A,NEW,,2026-08-13,,,"Extra A-lead from 2026-08-13 scan, held for a future week (WIP cap = 3 builds/week)."
ChIJ8Q_wo5toSUcR9-UqSqudcLU,A,Moto Servimpex,service auto,Turda,0264 312 040,https://maps.google.com/?cid=13074123077265843703&g_mp=Cidnb29nbGUubWFwcy5wbGFjZXMudjEuUGxhY2VzLlNlYXJjaFRleHQQAhgEIAA,,none,4.2,58,8,A,NEW,,2026-08-13,,,"Extra A-lead from 2026-08-13 scan, held for a future week (WIP cap = 3 builds/week)."
ChIJRfoP2S5hSUcRSZf-fcCp2Ho,A,Euroline Motors,service auto,Campia Turzii,0733 693 084,https://maps.google.com/?cid=8852011711809361737&g_mp=Cidnb29nbGUubWFwcy5wbGFjZXMudjEuUGxhY2VzLlNlYXJjaFRleHQQAhgEIAA,,none,4.2,122,8,A,NEW,,2026-08-13,,,"Extra A-lead from 2026-08-13 scan, held for a future week (WIP cap = 3 builds/week)."
ChIJcYCRzK5nSUcR4hK9ef9B8wM,A,Retro Autos Passion,service auto,Campia Turzii,0770 268 549,https://maps.google.com/?cid=284643766969373410&g_mp=Cidnb29nbGUubWFwcy5wbGFjZXMudjEuUGxhY2VzLlNlYXJjaFRleHQQAhgEIAA,,none,5,3,8,A,NEW,,2026-08-13,,,"Extra A-lead from 2026-08-13 scan, held for a future week (WIP cap = 3 builds/week)."
ChIJMV5PJgBnSUcRvyh1aEqtDGs,A,Wow Detailing & Parbrize,service auto,Campia Turzii,0745 839 464,https://maps.google.com/?cid=7713730796870510783&g_mp=Cidnb29nbGUubWFwcy5wbGFjZXMudjEuUGxhY2VzLlNlYXJjaFRleHQQAhgEIAA,,none,5,1,8,A,NEW,,2026-08-13,,,"Extra A-lead from 2026-08-13 scan, held for a future week (WIP cap = 3 builds/week)."
ChIJI_Tk-0ZhSUcRJASL-gxNkLs,A,AUTO TAIA SRL,service auto,Campia Turzii,0757 467 204,https://maps.google.com/?cid=13515387199877219364&g_mp=Cidnb29nbGUubWFwcy5wbGFjZXMudjEuUGxhY2VzLlNlYXJjaFRleHQQAhgEIAA,,none,5,1,8,A,NEW,,2026-08-13,,,"Extra A-lead from 2026-08-13 scan, held for a future week (WIP cap = 3 builds/week)."
ChIJc2jd_IF3SUcRz7bZZ3YefLA,A,RTCS AUTO,service auto,Caianu Cluj,0766 262 821,https://maps.google.com/?cid=12717072941684733647&g_mp=Cidnb29nbGUubWFwcy5wbGFjZXMudjEuUGxhY2VzLlNlYXJjaFRleHQQAhgEIAA,,none,5,33,8,A,NEW,,2026-08-13,,,"Extra A-lead from 2026-08-13 scan, held for a future week (WIP cap = 3 builds/week)."
ChIJZ8mUCNMLSUcRcMwJICbCYQI,A,Ovidiu Reparații SRL,service auto,Mociu,0744 800 316,https://maps.google.com/?cid=171631729818848368&g_mp=Cidnb29nbGUubWFwcy5wbGFjZXMudjEuUGxhY2VzLlNlYXJjaFRleHQQAhgEIAA,,none,4.7,96,8,A,NEW,,2026-08-13,,,"Extra A-lead from 2026-08-13 scan, held for a future week (WIP cap = 3 builds/week)."
ChIJ78POu98PSUcRDhr_MP3bDts,A,Chiorean Vasile PFA,vulcanizare,Floresti Cluj,0746 305 710,https://maps.google.com/?cid=15784795624475400718&g_mp=Cidnb29nbGUubWFwcy5wbGFjZXMudjEuUGxhY2VzLlNlYXJjaFRleHQQAhgEIAA,,none,3.9,96,8,A,NEW,,2026-08-13,,,"Extra A-lead from 2026-08-13 scan, held for a future week (WIP cap = 3 builds/week)."
ChIJjdCpVby9SUcRiv-zbKXy2xo,A,Vulcanizare Catalin,vulcanizare,Gherla,0754 859 999,https://maps.google.com/?cid=1935407257193021322&g_mp=Cidnb29nbGUubWFwcy5wbGFjZXMudjEuUGxhY2VzLlNlYXJjaFRleHQQAhgEIAA,,none,5,38,8,A,NEW,,2026-08-13,,,"Extra A-lead from 2026-08-13 scan, held for a future week (WIP cap = 3 builds/week)."
ChIJtVVB0ay9SUcRDtwhKKxIpI0,A,Vulcanizare,vulcanizare,Gherla,0745 653 578,https://maps.google.com/?cid=10206362559773269006&g_mp=Cidnb29nbGUubWFwcy5wbGFjZXMudjEuUGxhY2VzLlNlYXJjaFRleHQQAhgEIAA,,none,4.6,55,8,A,NEW,,2026-08-13,,,"Extra A-lead from 2026-08-13 scan, held for a future week (WIP cap = 3 builds/week)."
ChIJyYVFlwgMSUcR8fPTn0At3W8,A,Dolsat Com,vulcanizare,Gherla,0755 785 676,https://maps.google.com/?cid=8060648663645680625&g_mp=Cidnb29nbGUubWFwcy5wbGFjZXMudjEuUGxhY2VzLlNlYXJjaFRleHQQAhgEIAA,,none,4.5,52,8,A,NEW,,2026-08-13,,,"Extra A-lead from 2026-08-13 scan, held for a future week (WIP cap = 3 builds/week)."
ChIJYWytlTK_SUcRdF9iMv6Gnz4,A,MasterWash,vulcanizare,Dej,0768 993 151,https://maps.google.com/?cid=4512473777973649268&g_mp=Cidnb29nbGUubWFwcy5wbGFjZXMudjEuUGxhY2VzLlNlYXJjaFRleHQQAhgEIAA,,none,4.8,160,8,A,NEW,,2026-08-13,,,"Extra A-lead from 2026-08-13 scan, held for a future week (WIP cap = 3 builds/week)."
ChIJdQqYH6e4SUcR6BuOVDTzy1Q,A,Nahorus Vulcanizare & Anvelope - turisme&camion — vulcanizare mobilă,vulcanizare,Dej,0761 620 403,https://maps.google.com/?cid=6110244725540658152&g_mp=Cidnb29nbGUubWFwcy5wbGFjZXMudjEuUGxhY2VzLlNlYXJjaFRleHQQAhgEIAA,,none,4.7,67,8,A,NEW,,2026-08-13,,,"Extra A-lead from 2026-08-13 scan, held for a future week (WIP cap = 3 builds/week)."
ChIJ-RvkHoXHSUcRLMwHfijcF0M,A,AlyDan Spălătorie Auto & TIR Wash,vulcanizare,Dej,0769 272 017,https://maps.google.com/?cid=4834574791476759596&g_mp=Cidnb29nbGUubWFwcy5wbGFjZXMudjEuUGxhY2VzLlNlYXJjaFRleHQQAhgEIAA,,none,4.6,100,8,A,NEW,,2026-08-13,,,"Extra A-lead from 2026-08-13 scan, held for a future week (WIP cap = 3 builds/week)."
ChIJEVpxbvG5SUcRP088JNuGbiw,A,Spălătorie auto,vulcanizare,Dej,0740 011 502,https://maps.google.com/?cid=3201644660870893375&g_mp=Cidnb29nbGUubWFwcy5wbGFjZXMudjEuUGxhY2VzLlNlYXJjaFRleHQQAhgEIAA,,none,4.4,17,8,A,NEW,,2026-08-13,,,"Extra A-lead from 2026-08-13 scan, held for a future week (WIP cap = 3 builds/week)."
ChIJo2nZbj3HSUcRG-4aKg9PNS8,A,Alisben,vulcanizare,Dej,0749 230 010,https://maps.google.com/?cid=3401712020097789467&g_mp=Cidnb29nbGUubWFwcy5wbGFjZXMudjEuUGxhY2VzLlNlYXJjaFRleHQQAhgEIAA,,none,4.5,11,8,A,NEW,,2026-08-13,,,"Extra A-lead from 2026-08-13 scan, held for a future week (WIP cap = 3 builds/week)."
ChIJgw_QYM_xSEcRqiKtoMVYojk,A,Vulcanizare & Spalatorie,vulcanizare,Huedin,0770 618 411,https://maps.google.com/?cid=4152979412216521386&g_mp=Cidnb29nbGUubWFwcy5wbGFjZXMudjEuUGxhY2VzLlNlYXJjaFRleHQQAhgEIAA,,none,4.8,5,8,A,NEW,,2026-08-13,,,"Extra A-lead from 2026-08-13 scan, held for a future week (WIP cap = 3 builds/week)."
ChIJXT9w63cMSUcRE6DJskXW8ng,A,Marnel Auto,vulcanizare,Caianu Cluj,0746 963 115,https://maps.google.com/?cid=8715263823755976723&g_mp=Cidnb29nbGUubWFwcy5wbGFjZXMudjEuUGxhY2VzLlNlYXJjaFRleHQQAhgEIAA,,none,4.8,39,8,A,NEW,,2026-08-13,,,"Extra A-lead from 2026-08-13 scan, held for a future week (WIP cap = 3 builds/week)."
ChIJOeDzZhAPSUcRZuHrcNZrWE8,A,PFA Lișcan Valerian,vulcanizare,Caianu Cluj,0756 274 347,https://maps.google.com/?cid=5717438295708524902&g_mp=Cidnb29nbGUubWFwcy5wbGFjZXMudjEuUGxhY2VzLlNlYXJjaFRleHQQAhgEIAA,,none,4.5,8,8,A,NEW,,2026-08-13,,,"Extra A-lead from 2026-08-13 scan, held for a future week (WIP cap = 3 builds/week)."
ChIJJT5fGqsZSUcRtGnsMXXqwNU,A,Moutain Industries SRL,tamplarie lemn,Gilau,0753 185 790,https://maps.google.com/?cid=15402568514676746676&g_mp=Cidnb29nbGUubWFwcy5wbGFjZXMudjEuUGxhY2VzLlNlYXJjaFRleHQQAhgEIAA,,none,5,4,8,A,NEW,,2026-08-13,,,"Extra A-lead from 2026-08-13 scan, held for a future week (WIP cap = 3 builds/week)."
ChIJsfc1EBkPSUcRFn9NopOEDUs,A,Ligniar,tamplarie lemn,Gilau,0747 820 252,https://maps.google.com/?cid=5408124497159880470&g_mp=Cidnb29nbGUubWFwcy5wbGFjZXMudjEuUGxhY2VzLlNlYXJjaFRleHQQAhgEIAA,,none,5,2,8,A,NEW,,2026-08-13,,,"Extra A-lead from 2026-08-13 scan, held for a future week (WIP cap = 3 builds/week)."
ChIJN-7ECvy5SUcRF53D6eYl0tA,A,Nordis Wood Tec,tamplarie lemn,Bontida,0756 083 630,https://maps.google.com/?cid=15047130978692865303&g_mp=Cidnb29nbGUubWFwcy5wbGFjZXMudjEuUGxhY2VzLlNlYXJjaFRleHQQAhgEIAA,,none,5,1,8,A,NEW,,2026-08-13,,,"Extra A-lead from 2026-08-13 scan, held for a future week (WIP cap = 3 builds/week)."
ChIJ8VMD02DwSEcRsri_628--u8,A,Dimat,tamplarie lemn,Huedin,0745 228 681,https://maps.google.com/?cid=17292202369659943090&g_mp=Cidnb29nbGUubWFwcy5wbGFjZXMudjEuUGxhY2VzLlNlYXJjaFRleHQQAhgEIAA,,none,4.3,6,8,A,NEW,,2026-08-13,,,"Extra A-lead from 2026-08-13 scan, held for a future week (WIP cap = 3 builds/week)."
ChIJRWI4KgBnSUcRk4T8VMhCSLA,A,Vali Termopane,tamplarie lemn,Campia Turzii,0744 175 484,https://maps.google.com/?cid=12702476177185211539&g_mp=Cidnb29nbGUubWFwcy5wbGFjZXMudjEuUGxhY2VzLlNlYXJjaFRleHQQAhgEIAA,,none,5,1,8,A,NEW,,2026-08-13,,,"Extra A-lead from 2026-08-13 scan, held for a future week (WIP cap = 3 builds/week)."
ChIJtb_SxtFmSUcRjHnGRrqGiuM,A,Alex Pavaj S.R.L.,tamplarie lemn,Campia Turzii,0264 366 761,https://maps.google.com/?cid=16396065528005163404&g_mp=Cidnb29nbGUubWFwcy5wbGFjZXMudjEuUGxhY2VzLlNlYXJjaFRleHQQAhgEIAA,,none,3.5,8,8,A,NEW,,2026-08-13,,,"Extra A-lead from 2026-08-13 scan, held for a future week (WIP cap = 3 builds/week)."
ChIJoRycN0kPSUcRzehfPUtark4,A,Specter Designs,tamplarie lemn,Capusu Mare,0730 469 372,https://maps.google.com/?cid=5669568260104775885&g_mp=Cidnb29nbGUubWFwcy5wbGFjZXMudjEuUGxhY2VzLlNlYXJjaFRleHQQAhgEIAA,,none,5,1,8,A,NEW,,2026-08-13,,,"Extra A-lead from 2026-08-13 scan, held for a future week (WIP cap = 3 builds/week)."
ChIJiwtskR8MSUcR46_8ZauJtjw,A,Prohaus,tamplarie lemn,Capusu Mare,0744 623 509,https://maps.google.com/?cid=4374835457280487395&g_mp=Cidnb29nbGUubWFwcy5wbGFjZXMudjEuUGxhY2VzLlNlYXJjaFRleHQQAhgEIAA,,none,5,1,8,A,NEW,,2026-08-13,,,"Extra A-lead from 2026-08-13 scan, held for a future week (WIP cap = 3 builds/week)."
ChIJVVVxMmYOSUcR7boYg8KwguM,A,Agrosona,magazin furaje,Floresti Cluj,0741 434 682,https://maps.google.com/?cid=16393859943051606765&g_mp=Cidnb29nbGUubWFwcy5wbGFjZXMudjEuUGxhY2VzLlNlYXJjaFRleHQQAhgEIAA,,none,3.6,17,7,B,NEW,,2026-08-13,,,B-grade: verify contactability before building (per qualify rubric).
ChIJM4zy9lMJSUcRzmHxvQbO1-Q,A,Biomar,magazin furaje,Jucu,0745 357 195,https://maps.google.com/?cid=16489875088992199118&g_mp=Cidnb29nbGUubWFwcy5wbGFjZXMudjEuUGxhY2VzLlNlYXJjaFRleHQQAhgEIAA,,none,4,4,7,B,NEW,,2026-08-13,,,B-grade: verify contactability before building (per qualify rubric).
ChIJgUEz2KS9SUcR7hnQPKqL7H8,A,Euromarket,magazin furaje,Gherla,0264 247 705,https://maps.google.com/?cid=9217896100601534958&g_mp=Cidnb29nbGUubWFwcy5wbGFjZXMudjEuUGxhY2VzLlNlYXJjaFRleHQQAhgEIAA,,none,4.1,34,7,B,NEW,,2026-08-13,,,B-grade: verify contactability before building (per qualify rubric).
ChIJR9VCLjmDSUcR92zHkgmliC8,A,Furaje viva,magazin furaje,Mociu,0757 303 803,https://maps.google.com/?cid=3425168977151094007&g_mp=Cidnb29nbGUubWFwcy5wbGFjZXMudjEuUGxhY2VzLlNlYXJjaFRleHQQAhgEIAA,,none,5,1,7,B,NEW,,2026-08-13,,,B-grade: verify contactability before building (per qualify rubric).
ChIJK7LU0je_SUcRxBBkGrQ32fQ,A,Dezmembrari auto 2005,dezmembrari auto,Gilau,0765 387 709,https://maps.google.com/?cid=17643194261877035204&g_mp=Cidnb29nbGUubWFwcy5wbGFjZXMudjEuUGxhY2VzLlNlYXJjaFRleHQQAhgEIAA,,none,4,4,7,B,NEW,,2026-08-13,,,B-grade: verify contactability before building (per qualify rubric).
ChIJw0NBPQC9SUcRr69hJigBsNk,A,Agromec,dezmembrari auto,Gherla,0264 241 585,https://maps.google.com/?cid=15686038774085693359&g_mp=Cidnb29nbGUubWFwcy5wbGFjZXMudjEuUGxhY2VzLlNlYXJjaFRleHQQAhgEIAA,,none,4.3,4,7,B,NEW,,2026-08-13,,,B-grade: verify contactability before building (per qualify rubric).
ChIJowPjqIi5SUcRJHmHs7obKi0,A,Gavris Dezmembrari,dezmembrari auto,Dej,0768 808 047,https://maps.google.com/?cid=3254444169418471716&g_mp=Cidnb29nbGUubWFwcy5wbGFjZXMudjEuUGxhY2VzLlNlYXJjaFRleHQQAhgEIAA,,none,4.1,15,7,B,NEW,,2026-08-13,,,B-grade: verify contactability before building (per qualify rubric).
ChIJMzmSkOoPSUcRxy-JuCBSw2c,A,TransAuto,dezmembrari auto,Dej,0729 308 116,https://maps.google.com/?cid=7476910106853584839&g_mp=Cidnb29nbGUubWFwcy5wbGFjZXMudjEuUGxhY2VzLlNlYXJjaFRleHQQAhgEIAA,,none,4.2,63,7,B,NEW,,2026-08-13,,,B-grade: verify contactability before building (per qualify rubric).
ChIJj3l9si5pSUcRN30hAKd6tJc,A,lohan Market,dezmembrari auto,Iara Cluj,0743 810 309,https://maps.google.com/?cid=10931497053215358263&g_mp=Cidnb29nbGUubWFwcy5wbGFjZXMudjEuUGxhY2VzLlNlYXJjaFRleHQQAhgEIAA,,none,3.8,30,7,B,NEW,,2026-08-13,,,B-grade: verify contactability before building (per qualify rubric).
ChIJ-YzuHeEOSUcRL-yJb0yg2Nw,A,MDM Autoconstruct,service auto,Baciu Cluj,0726 472 843,https://maps.google.com/?cid=15913645533462916143&g_mp=Cidnb29nbGUubWFwcy5wbGFjZXMudjEuUGxhY2VzLlNlYXJjaFRleHQQAhgEIAA,,none,3.9,10,7,B,NEW,,2026-08-13,,,B-grade: verify contactability before building (per qualify rubric).
ChIJm-51hLy9SUcR3Ru8Qm0uQ7M,A,Auto Bim Service,service auto,Gherla,0264 243 031,https://maps.google.com/?cid=12917219203034651613&g_mp=Cidnb29nbGUubWFwcy5wbGFjZXMudjEuUGxhY2VzLlNlYXJjaFRleHQQAhgEIAA,,none,5,2,7,B,NEW,,2026-08-13,,,B-grade: verify contactability before building (per qualify rubric).
ChIJV2OXaqG_SUcRNmOqzN6426I,A,GSY Auto Service,service auto,Dej,0740 172 089,https://maps.google.com/?cid=11735176521099928374&g_mp=Cidnb29nbGUubWFwcy5wbGFjZXMudjEuUGxhY2VzLlNlYXJjaFRleHQQAhgEIAA,,none,5,2,7,B,NEW,,2026-08-13,,,B-grade: verify contactability before building (per qualify rubric).
ChIJt_jMmV7xSEcRzWY1huajmYc,A,Mocan Service,service auto,Huedin,0773 876 718,https://maps.google.com/?cid=9771021077046453965&g_mp=Cidnb29nbGUubWFwcy5wbGFjZXMudjEuUGxhY2VzLlNlYXJjaFRleHQQAhgEIAA,,none,5,3,7,B,NEW,,2026-08-13,,,B-grade: verify contactability before building (per qualify rubric).
ChIJ2-8t5O7xSEcR1Pzs4Llv1bo,A,Tractariu auto si asistenta Huedin,service auto,Huedin,0745 084 996,https://maps.google.com/?cid=13462789505227226324&g_mp=Cidnb29nbGUubWFwcy5wbGFjZXMudjEuUGxhY2VzLlNlYXJjaFRleHQQAhgEIAA,,none,5,3,7,B,NEW,,2026-08-13,,,B-grade: verify contactability before building (per qualify rubric).
ChIJ2yZ0hw-9SUcR7WtCDZpbCwk,A,Vulcanizare auto!,vulcanizare,Gherla,0744 532 982,https://maps.google.com/?cid=651715288290716653&g_mp=Cidnb29nbGUubWFwcy5wbGFjZXMudjEuUGxhY2VzLlNlYXJjaFRleHQQAhgEIAA,,none,4.1,55,7,B,NEW,,2026-08-13,,,B-grade: verify contactability before building (per qualify rubric).
ChIJeYt8aUy9SUcRT91k6z7YLUA,A,Moldonad,vulcanizare,Gherla,0760 241 711,https://maps.google.com/?cid=4624590157128195407&g_mp=Cidnb29nbGUubWFwcy5wbGFjZXMudjEuUGxhY2VzLlNlYXJjaFRleHQQAhgEIAA,,none,5,2,7,B,NEW,,2026-08-13,,,B-grade: verify contactability before building (per qualify rubric).
ChIJ78cuhoG4SUcRyyPKq_T9bhA,A,Speed & Fast,vulcanizare,Dej,0769 266 576,https://maps.google.com/?cid=1184162979341018059&g_mp=Cidnb29nbGUubWFwcy5wbGFjZXMudjEuUGxhY2VzLlNlYXJjaFRleHQQAhgEIAA,,none,4.1,13,7,B,NEW,,2026-08-13,,,B-grade: verify contactability before building (per qualify rubric).
ChIJ7b8eafYOSUcRvm6X1yGT3w4,A,Auto Gumm,vulcanizare,Capusu Mare,0740 796 277,https://maps.google.com/?cid=1071737009897696958&g_mp=Cidnb29nbGUubWFwcy5wbGFjZXMudjEuUGxhY2VzLlNlYXJjaFRleHQQAhgEIAA,,none,1.9,56,7,B,NEW,,2026-08-13,,,B-grade: verify contactability before building (per qualify rubric).
ChIJ3ZhGJue4SUcReM7D7rQKZVg,A,TermoTec,tamplarie lemn,Dej,0264 211 771,https://maps.google.com/?cid=6369509020201635448&g_mp=Cidnb29nbGUubWFwcy5wbGFjZXMudjEuUGxhY2VzLlNlYXJjaFRleHQQAhgEIAA,,none,4,14,7,B,NEW,,2026-08-13,,,B-grade: verify contactability before building (per qualify rubric).
ChIJKX6YmdMNSUcRPBQ5mCdGBFo,A,MRZ Grup Est,tamplarie lemn,Capusu Mare,0264 591 341,https://maps.google.com/?cid=6486386499191903292&g_mp=Cidnb29nbGUubWFwcy5wbGFjZXMudjEuUGxhY2VzLlNlYXJjaFRleHQQAhgEIAA,,none,4,2,7,B,NEW,,2026-08-13,,,B-grade: verify contactability before building (per qualify rubric).
ChIJr2DE9re9SUcR_D0MUGjcPrU,A,Borsos Tour Service Auto,service auto,Gherla,0264 241 776,https://maps.google.com/?cid=13060118309998706172&g_mp=Cidnb29nbGUubWFwcy5wbGFjZXMudjEuUGxhY2VzLlNlYXJjaFRleHQQAhgEIAA,,none,4,2,6,B,NEW,,2026-08-13,,,B-grade: verify contactability before building (per qualify rubric).
ChIJhz-2Ybi4SUcRRbKrANYk1y8,A,AD Garage Farcaș Service,service auto,Dej,0752 108 737,https://maps.google.com/?cid=3447264541328257605&g_mp=Cidnb29nbGUubWFwcy5wbGFjZXMudjEuUGxhY2VzLlNlYXJjaFRleHQQAhgEIAA,,none,3.9,140,6,B,NEW,,2026-08-13,,,B-grade: verify contactability before building (per qualify rubric).
ChIJ_Zi-wOBnSUcRrC4TOA_m_kg,A,Tinichigerie auto,service auto,Turda,0748 364 631,https://maps.google.com/?cid=5259894367854997164&g_mp=Cidnb29nbGUubWFwcy5wbGFjZXMudjEuUGxhY2VzLlNlYXJjaFRleHQQAhgEIAA,,none,3,4,6,B,NEW,,2026-08-13,,,B-grade: verify contactability before building (per qualify rubric).
ChIJvWZVujJpSUcR1asIsuMar6Q,A,Service auto multimarca,service auto,Turda,0756 044 778,https://maps.google.com/?cid=11866733108391357397&g_mp=Cidnb29nbGUubWFwcy5wbGFjZXMudjEuUGxhY2VzLlNlYXJjaFRleHQQAhgEIAA,,none,3.7,3,6,B,NEW,,2026-08-13,,,B-grade: verify contactability before building (per qualify rubric).
ChIJq_mcxEBmSUcRJDYe9oGBGQo,A,Vepox Comimpex,vulcanizare,Turda,0264 321 789,https://maps.google.com/?cid=727755209976985124&g_mp=Cidnb29nbGUubWFwcy5wbGFjZXMudjEuUGxhY2VzLlNlYXJjaFRleHQQAhgEIAA,,none,3.7,3,6,B,NEW,,2026-08-13,,,B-grade: verify contactability before building (per qualify rubric).
ChIJweRSZAAPSUcR4SNIIyNf9Ck,A,Depozit Cherestea NTM TRANS FOREST,tamplarie lemn,Gilau,0742 324 641,https://maps.google.com/?cid=3023145854392869857&g_mp=Cidnb29nbGUubWFwcy5wbGFjZXMudjEuUGxhY2VzLlNlYXJjaFRleHQQAhgEIAA,,none,3.7,3,6,B,NEW,,2026-08-13,,,B-grade: verify contactability before building (per qualify rubric).
ChIJ5R0MFuIPSUcR8oxPb3OISiI,A,Depozit Cherestea - Nelforest,tamplarie lemn,Baciu Cluj,0742 344 557,https://maps.google.com/?cid=2470937374936239346&g_mp=Cidnb29nbGUubWFwcy5wbGFjZXMudjEuUGxhY2VzLlNlYXJjaFRleHQQAhgEIAA,,none,3.5,2,6,B,NEW,,2026-08-13,,,B-grade: verify contactability before building (per qualify rubric).
ChIJf5iUETgPSUcRXLOCdNFNBFg,A,Depozit cherestea,tamplarie lemn,Mociu,0742 691 441,https://maps.google.com/?cid=6342279737242727260&g_mp=Cidnb29nbGUubWFwcy5wbGFjZXMudjEuUGxhY2VzLlNlYXJjaFRleHQQAhgEIAA,,none,3.5,11,6,B,NEW,,2026-08-13,,,B-grade: verify contactability before building (per qualify rubric).
ChIJpdh4UzwNSUcRp9QAUma09YM,A,Depozit cherestea,tamplarie lemn,Mociu,0742 645 187,https://maps.google.com/?cid=9508704539818120359&g_mp=Cidnb29nbGUubWFwcy5wbGFjZXMudjEuUGxhY2VzLlNlYXJjaFRleHQQAhgEIAA,,none,4,4,6,B,NEW,,2026-08-13,,,B-grade: verify contactability before building (per qualify rubric).
ChIJn7l0cAC9SUcRmAJZ1MDoUEk,A,Ferma Gherla,magazin furaje,Gherla,0772 563 241,https://maps.google.com/?cid=5282978277799559832&g_mp=Cidnb29nbGUubWFwcy5wbGFjZXMudjEuUGxhY2VzLlNlYXJjaFRleHQQAhgEIAA,,none,1,1,5,B,NEW,,2026-08-13,,,B-grade: verify contactability before building (per qualify rubric).
ChIJm-51hLy9SUcRGzD0GoAjmxQ,A,SERVICE AUTO M.J. S.R.L.,service auto,Gherla,0264 243 969,https://maps.google.com/?cid=1484819535263707163&g_mp=Cidnb29nbGUubWFwcy5wbGFjZXMudjEuUGxhY2VzLlNlYXJjaFRleHQQAhgEIAA,,none,3,2,5,B,NEW,,2026-08-13,,,B-grade: verify contactability before building (per qualify rubric).
ChIJywR-gZu4SUcRBUfjpgT5hWA,A,Romdecor,tamplarie lemn,Dej,0264 213 551,https://maps.google.com/?cid=6955238997918697221&g_mp=Cidnb29nbGUubWFwcy5wbGFjZXMudjEuUGxhY2VzLlNlYXJjaFRleHQQAhgEIAA,,none,2.5,2,5,B,NEW,,2026-08-13,,,B-grade: verify contactability before building (per qualify rubric).
ChIJ8beM12XwSEcR2cT-Y4yJAeI,A,Globalfa Impex,tamplarie lemn,Huedin,0264 353 497,https://maps.google.com/?cid=16285448963614491865&g_mp=Cidnb29nbGUubWFwcy5wbGFjZXMudjEuUGxhY2VzLlNlYXJjaFRleHQQAhgEIAA,,none,2.5,2,5,B,NEW,,2026-08-13,,,B-grade: verify contactability before building (per qualify rubric).
