place_id,scan_date,name,category_query,locality,address,phone,website_status,social_url,rating,review_count,maps_url,types
ChIJw_OywqUaSUcRViWuin6E2io,2026-08-13,Magazin De Furaje,magazin furaje,Gilau,"Luna de Sus, România",,none,,,0,https://maps.google.com/?cid=3087926173543310678&g_mp=Cidnb29nbGUubWFwcy5wbGFjZXMudjEuUGxhY2VzLlNlYXJjaFRleHQQAhgEIAA,point_of_interest|establishment
ChIJ0x3V_ykbSUcRE-MEofXU_CQ,2026-08-13,Oncos Impex,magazin furaje,Gilau,407310 Gilău,0264 265 915,none,,4.4,97,https://maps.google.com/?cid=2665239230930019091&g_mp=Cidnb29nbGUubWFwcy5wbGFjZXMudjEuUGxhY2VzLlNlYXJjaFRleHQQAhgEIAA,supermarket|grocery_store|food_store|store|food
ChIJM87oXQAbSUcRopm2Yt7yuVA,2026-08-13,Giardini E Fiori,magazin furaje,Gilau,"Strada 1 Decembrie 1918 500, 407310, Gilău",0775 257 284,none,,4.9,29,https://maps.google.com/?cid=5816947430678501794&g_mp=Cidnb29nbGUubWFwcy5wbGFjZXMudjEuUGxhY2VzLlNlYXJjaFRleHQQAhgEIAA,wholesaler|farm|service|point_of_interest|establishment
ChIJVVVxMmYOSUcR7boYg8KwguM,2026-08-13,Agrosona,magazin furaje,Floresti Cluj,"Strada Cetății 54, 407280 Florești",0741 434 682,none,,3.6,17,https://maps.google.com/?cid=16393859943051606765&g_mp=Cidnb29nbGUubWFwcy5wbGFjZXMudjEuUGxhY2VzLlNlYXJjaFRleHQQAhgEIAA,wholesaler|store|service|point_of_interest|establishment
ChIJLxZJwyYPSUcRie4yCc_KbDU,2026-08-13,Pet Shop,magazin furaje,Floresti Cluj,"Bloc V2, Calea Florești 75, 400535 Cluj-Napoca",,none,,5,6,https://maps.google.com/?cid=3849674772056305289&g_mp=Cidnb29nbGUubWFwcy5wbGFjZXMudjEuUGxhY2VzLlNlYXJjaFRleHQQAhgEIAA,pet_care|store|point_of_interest|establishment
ChIJO6d888EOSUcRPmGdH-SW1yE,2026-08-13,Serlad,magazin furaje,Floresti Cluj,"Strada Corneliu Coposu 144, 400235 Cluj-Napoca",0748 964 817,none,,4.4,9,https://maps.google.com/?cid=2438583629771530558&g_mp=Cidnb29nbGUubWFwcy5wbGFjZXMudjEuUGxhY2VzLlNlYXJjaFRleHQQAhgEIAA,pet_store|store|supplier|food|point_of_interest
ChIJc7XnB3YMSUcRfU9VXfCwgrI,2026-08-13,Magazinul Gospodarului,magazin furaje,Floresti Cluj,"Strada Ploiești nr. 1, 400157 Cluj-Napoca",0740 068 486,none,,4,73,https://maps.google.com/?cid=12863038032128069501&g_mp=Cidnb29nbGUubWFwcy5wbGFjZXMudjEuUGxhY2VzLlNlYXJjaFRleHQQAhgEIAA,clothing_store|store|point_of_interest|establishment
ChIJGWJp-sgPSUcRO0kJ1vF0xqY,2026-08-13,Magazin de pescuit Eroilor 14 Floresti,magazin furaje,Floresti Cluj,"Str. Eroilor 14, 407280 Florești",0742 246 851,none,,4.5,6,https://maps.google.com/?cid=12017421237711620411&g_mp=Cidnb29nbGUubWFwcy5wbGFjZXMudjEuUGxhY2VzLlNlYXJjaFRleHQQAhgEIAA,store|point_of_interest|establishment
ChIJcwdp8SMQSUcRiraRGtcVvaY,2026-08-13,Merca Vet,magazin furaje,Floresti Cluj,"Strada Porii 154, bl.8, 407280 Florești",0743 043 041,none,,4.7,27,https://maps.google.com/?cid=12014783394502260362&g_mp=Cidnb29nbGUubWFwcy5wbGFjZXMudjEuUGxhY2VzLlNlYXJjaFRleHQQAhgEIAA,veterinary_care|pet_care|point_of_interest|establishment
ChIJF2QaZCkQSUcRiMmej9ybo3M,2026-08-13,Ferma de pui Floresti,magazin furaje,Floresti Cluj,"Ferma de pui Floresti, Str. Eroilor, 407280 Florești",,none,,,0,https://maps.google.com/?cid=8332675107170208136&g_mp=Cidnb29nbGUubWFwcy5wbGFjZXMudjEuUGxhY2VzLlNlYXJjaFRleHQQAhgEIAA,premise|street_address
ChIJaaYVd4QPSUcRQWdZ1MGUYls,2026-08-13,Agropan,magazin furaje,Baciu Cluj,"Strada Magnoliei 2, 407055 Baciu",,none,,3.4,5,https://maps.google.com/?cid=6584989165381314369&g_mp=Cidnb29nbGUubWFwcy5wbGFjZXMudjEuUGxhY2VzLlNlYXJjaFRleHQQAhgEIAA,bakery|food_store|store|food|point_of_interest
ChIJBRTzSp4OSUcRwzZlW4rdT3E,2026-08-13,Multiplu Impex,magazin furaje,Baciu Cluj,"Strada Ploiești 3-5-7, 400157 Cluj-Napoca",,none,,4.4,11,https://maps.google.com/?cid=8164988235754583747&g_mp=Cidnb29nbGUubWFwcy5wbGFjZXMudjEuUGxhY2VzLlNlYXJjaFRleHQQAhgEIAA,food_store|store|food|point_of_interest|establishment
ChIJh9VGpl8NSUcR1PPO69vNm8Q,2026-08-13,Agrofarm Marius,magazin furaje,Baciu Cluj,"Strada București 79, ap 33, parter, 400000 Cluj-Napoca",0770 202 324,social_only,https://www.facebook.com/profile.php?id=100081438834159,5,9,https://maps.google.com/?cid=14167143397261767636&g_mp=Cidnb29nbGUubWFwcy5wbGFjZXMudjEuUGxhY2VzLlNlYXJjaFRleHQQAhgEIAA,florist|food_store|store|food|point_of_interest
ChIJGQ7mYVcNSUcRGeSolce-x2s,2026-08-13,Magazinul Gospodarului,magazin furaje,Baciu Cluj,"Strada Plevnei 168, 400394 Cluj-Napoca",,none,,4.3,11,https://maps.google.com/?cid=7766385846842352665&g_mp=Cidnb29nbGUubWFwcy5wbGFjZXMudjEuUGxhY2VzLlNlYXJjaFRleHQQAhgEIAA,food_store|store|food|point_of_interest|establishment
ChIJWb2_KQALSUcR7PNb9eurWXE,2026-08-13,Magazin agricol,magazin furaje,Apahida,"Strada Libertăţii 255, 407035 Apahida",,none,,5,1,https://maps.google.com/?cid=8167748429135213548&g_mp=Cidnb29nbGUubWFwcy5wbGFjZXMudjEuUGxhY2VzLlNlYXJjaFRleHQQAhgEIAA,food_store|food|point_of_interest|store|establishment
ChIJoUZt4TujSUcRK7m7TQaa-Ec,2026-08-13,NOVATICOM - Productie Furaje,magazin furaje,Jucu,"Str. Clujului 3, 407105 Bonțida",0724 346 760,none,,5,30,https://maps.google.com/?cid=5186064322781755691&g_mp=Cidnb29nbGUubWFwcy5wbGFjZXMudjEuUGxhY2VzLlNlYXJjaFRleHQQAhgEIAA,food|point_of_interest|supplier|store|establishment
ChIJM4zy9lMJSUcRzmHxvQbO1-Q,2026-08-13,Biomar,magazin furaje,Jucu,"Strada Oașului 241, 400394 Cluj-Napoca",0745 357 195,none,,4,4,https://maps.google.com/?cid=16489875088992199118&g_mp=Cidnb29nbGUubWFwcy5wbGFjZXMudjEuUGxhY2VzLlNlYXJjaFRleHQQAhgEIAA,food|point_of_interest|supplier|store|establishment
ChIJ5dcVHQChSUcRxvyzjhrDfRw,2026-08-13,Magazin furaje Rascruci,magazin furaje,Jucu,Răscruci,0754 549 059,none,,5,1,https://maps.google.com/?cid=2053011523981540550&g_mp=Cidnb29nbGUubWFwcy5wbGFjZXMudjEuUGxhY2VzLlNlYXJjaFRleHQQAhgEIAA,store|point_of_interest|establishment
ChIJL-jMhb69SUcRre7OwIf7VZ8,2026-08-13,Pet Shop Gherla,magazin furaje,Gherla,"Strada Liviu Rebreanu 14, 405300 Gherla",0736 127 147,none,,4.8,79,https://maps.google.com/?cid=11481359385524891309&g_mp=Cidnb29nbGUubWFwcy5wbGFjZXMudjEuUGxhY2VzLlNlYXJjaFRleHQQAhgEIAA,store|supplier|food|point_of_interest|establishment
ChIJN55WBJO9SUcRLx4x_z4zZlk,2026-08-13,Home Garden Supermarket,magazin furaje,Gherla,"Strada Romană 1, 405300 Gherla",,none,,4.5,8,https://maps.google.com/?cid=6441892662662471215&g_mp=Cidnb29nbGUubWFwcy5wbGFjZXMudjEuUGxhY2VzLlNlYXJjaFRleHQQAhgEIAA,supermarket|grocery_store|food_store|store|food
ChIJgUEz2KS9SUcR7hnQPKqL7H8,2026-08-13,Euromarket,magazin furaje,Gherla,"Strada Primăverii 6A, 405300 Gherla",0264 247 705,none,,4.1,34,https://maps.google.com/?cid=9217896100601534958&g_mp=Cidnb29nbGUubWFwcy5wbGFjZXMudjEuUGxhY2VzLlNlYXJjaFRleHQQAhgEIAA,food_store|store|food|point_of_interest|establishment
ChIJn7l0cAC9SUcRmAJZ1MDoUEk,2026-08-13,Ferma Gherla,magazin furaje,Gherla,"Strada Liviu Rebreanu 60, 405300 Gherla",0772 563 241,none,,1,1,https://maps.google.com/?cid=5282978277799559832&g_mp=Cidnb29nbGUubWFwcy5wbGFjZXMudjEuUGxhY2VzLlNlYXJjaFRleHQQAhgEIAA,wholesaler|point_of_interest|service|establishment
ChIJAUhx9he9SUcRWfOzCzhgWkY,2026-08-13,Veritas,magazin furaje,Gherla,405300 Gherla,,none,,4.5,2,https://maps.google.com/?cid=5069470124389692249&g_mp=Cidnb29nbGUubWFwcy5wbGFjZXMudjEuUGxhY2VzLlNlYXJjaFRleHQQAhgEIAA,grocery_store|food_store|store|food|point_of_interest
ChIJNWFDu769SUcR1vaE5599ISM,2026-08-13,Anzona,magazin furaje,Gherla,"Strada Liviu Rebreanu 10, 405300 Gherla",0264 241 117,none,,4.4,5,https://maps.google.com/?cid=2531442591296452310&g_mp=Cidnb29nbGUubWFwcy5wbGFjZXMudjEuUGxhY2VzLlNlYXJjaFRleHQQAhgEIAA,store|point_of_interest|establishment
ChIJxaKfC524SUcRbcabHuUDA1s,2026-08-13,Magazin Agri Ferm,magazin furaje,Dej,"Strada Vasile Alecsandri, 405200 Dej",,none,,,0,https://maps.google.com/?cid=6558089764977493613&g_mp=Cidnb29nbGUubWFwcy5wbGFjZXMudjEuUGxhY2VzLlNlYXJjaFRleHQQAhgEIAA,grocery_store|food_store|store|food|point_of_interest
ChIJU0asi225SUcR4fKt_FQa3A0,2026-08-13,Laura’s Pet Shop,magazin furaje,Dej,"Bloc B3, Strada Unirii 14, 405200 Dej",,none,,4.9,15,https://maps.google.com/?cid=998702169688240865&g_mp=Cidnb29nbGUubWFwcy5wbGFjZXMudjEuUGxhY2VzLlNlYXJjaFRleHQQAhgEIAA,pet_store|store|point_of_interest|establishment
ChIJvb3IE5rxSEcRZ9b4IUBAGds,2026-08-13,MESIADA HUEDIN,magazin furaje,Huedin,"Strada Horea 63, 405400 Huedin",0758 148 237,none,,4.8,10,https://maps.google.com/?cid=15787720612916024935&g_mp=Cidnb29nbGUubWFwcy5wbGFjZXMudjEuUGxhY2VzLlNlYXJjaFRleHQQAhgEIAA,food_store|store|food|point_of_interest|establishment
ChIJ8WVXAtnxSEcR_UgQg9wMwxk,2026-08-13,Fitofarmacia AGRII HUEDIN,magazin furaje,Huedin,"Strada Budai Nagy Antal 26, 405400 Huedin",0786 338 099,none,,,0,https://maps.google.com/?cid=1856341612637997309&g_mp=Cidnb29nbGUubWFwcy5wbGFjZXMudjEuUGxhY2VzLlNlYXJjaFRleHQQAhgEIAA,food_store|store|food|point_of_interest|establishment
ChIJc8hqgq7xSEcRtJFLtxN7RQg,2026-08-13,Carmangeria S.C. Kofti S.R.L.,magazin furaje,Huedin,"Strada Poştei 3, 405400 Huedin",,none,,4.8,24,https://maps.google.com/?cid=596017850306236852&g_mp=Cidnb29nbGUubWFwcy5wbGFjZXMudjEuUGxhY2VzLlNlYXJjaFRleHQQAhgEIAA,grocery_store|food_store|store|food|point_of_interest
ChIJB2MNem_wSEcRg8X8StcUoOE,2026-08-13,Magazin Furaje Si Seminte,magazin furaje,Huedin,"405400 Huedin, România",,none,,,0,https://maps.google.com/?cid=16258017569716094339&g_mp=Cidnb29nbGUubWFwcy5wbGFjZXMudjEuUGxhY2VzLlNlYXJjaFRleHQQAhgEIAA,point_of_interest|establishment
ChIJucahIgA_SUcRppVwPlvZUCE,2026-08-13,Oncos,magazin furaje,Iara Cluj,"DJ107M 109, Iara",,none,,,0,https://maps.google.com/?cid=2400657587301291430&g_mp=Cidnb29nbGUubWFwcy5wbGFjZXMudjEuUGxhY2VzLlNlYXJjaFRleHQQAhgEIAA,store|point_of_interest|establishment
ChIJyQTGdy8RSUcR0U-Q76Niryk,2026-08-13,Magazin Alimentar Enyedi,magazin furaje,Savadisla,"Savadisla Str Mare nr 346 jud Cluj cod 407505, 407505 Săvădisla",0264 374 393,none,,4.4,38,https://maps.google.com/?cid=3003727932717813713&g_mp=Cidnb29nbGUubWFwcy5wbGFjZXMudjEuUGxhY2VzLlNlYXJjaFRleHQQAhgEIAA,convenience_store|food_store|store|food|point_of_interest
ChIJm4tEgBMMSUcRKVupyRJiYLE,2026-08-13,VIRELI IMPEX S.R.L.,magazin furaje,Savadisla,"Str. Între Lacuri 15, 400394 Cluj-Napoca",0744 396 239,none,,5,1,https://maps.google.com/?cid=12781323575309720361&g_mp=Cidnb29nbGUubWFwcy5wbGFjZXMudjEuUGxhY2VzLlNlYXJjaFRleHQQAhgEIAA,point_of_interest|establishment
ChIJE0JANigDSUcROPhsB-xSt4s,2026-08-13,Ferma Cionca,magazin furaje,Capusu Mare,Căpuşu Mic,,none,,4.9,16,https://maps.google.com/?cid=10067606665700374584&g_mp=Cidnb29nbGUubWFwcy5wbGFjZXMudjEuUGxhY2VzLlNlYXJjaFRleHQQAhgEIAA,grocery_store|food_store|food|point_of_interest|store
ChIJp9qlQul_SUcRMJQ_cr41h9E,2026-08-13,Magazin de Furaje Sărmașu,magazin furaje,Cojocna,"Strada Trandafirilor 3, 547515 Sărmașu",0773 978 502,social_only,https://www.facebook.com/profile.php?id=100090363647458,5,4,https://maps.google.com/?cid=15098095367859704880&g_mp=Cidnb29nbGUubWFwcy5wbGFjZXMudjEuUGxhY2VzLlNlYXJjaFRleHQQAhgEIAA,supplier|store|food|point_of_interest|establishment
ChIJZ7ueiql2SUcRcxAPQP52oS0,2026-08-13,La Doi Pasi - OCRE,magazin furaje,Cojocna,"Strada Republicii, 407240 Cojocna",0754 500 248,none,,4.4,57,https://maps.google.com/?cid=3288040037325672563&g_mp=Cidnb29nbGUubWFwcy5wbGFjZXMudjEuUGxhY2VzLlNlYXJjaFRleHQQAhgEIAA,grocery_store|food_store|store|food|point_of_interest
ChIJjdKZsb1qnmsRDc6EdUqFAs4,2026-08-13,La Doi Pasi - OCRE Traian,magazin furaje,Cojocna,"Strada Traian 51, 407240 Cojocna",0743 477 094,social_only,https://www.facebook.com/profile.php?id=61554654033007,4.5,11,https://maps.google.com/?cid=14844573876612288013&g_mp=Cidnb29nbGUubWFwcy5wbGFjZXMudjEuUGxhY2VzLlNlYXJjaFRleHQQAhgEIAA,supermarket|grocery_store|food_store|store|food
ChIJR9VCLjmDSUcR92zHkgmliC8,2026-08-13,Furaje viva,magazin furaje,Mociu,"DN16 91, 407427 Mociu",0757 303 803,none,,5,1,https://maps.google.com/?cid=3425168977151094007&g_mp=Cidnb29nbGUubWFwcy5wbGFjZXMudjEuUGxhY2VzLlNlYXJjaFRleHQQAhgEIAA,store|point_of_interest|establishment
ChIJk-m1hPwRSUcRcTf5q4aRD3I,2026-08-13,Dezmembrãri Auto,dezmembrari auto,Gilau,"PFPV+9G, 407280 Florești",0752 354 101,none,,4.5,18,https://maps.google.com/?cid=8218947852571326321&g_mp=Cidnb29nbGUubWFwcy5wbGFjZXMudjEuUGxhY2VzLlNlYXJjaFRleHQQAhgEIAA,auto_parts_store|store|point_of_interest|car_repair|service
ChIJcS11qGAMSUcRQQPnnQ_RkgM,2026-08-13,Dezmembrari V.A.G Cluj,dezmembrari auto,Gilau,"Strada Soporului, 400482 Cluj-Napoca",0738 517 770,none,,4,192,https://maps.google.com/?cid=257497993717416769&g_mp=Cidnb29nbGUubWFwcy5wbGFjZXMudjEuUGxhY2VzLlNlYXJjaFRleHQQAhgEIAA,auto_parts_store|store|point_of_interest|car_repair|service
ChIJ5cIzbYAOSUcRgsGif-HSaqU,2026-08-13,Dezmembrari Dacia,dezmembrari auto,Gilau,"Strada Gheorghe Marinescu 62, 400000 Cluj-Napoca",0745 038 714,none,,4.2,37,https://maps.google.com/?cid=11919571229740286338&g_mp=Cidnb29nbGUubWFwcy5wbGFjZXMudjEuUGxhY2VzLlNlYXJjaFRleHQQAhgEIAA,auto_parts_store|store|point_of_interest|car_repair|service
ChIJ5w1VRyobSUcRB0lgbIPiJI4,2026-08-13,Piese Auto Eni Trans-La Pali,dezmembrari auto,Gilau,407310 Gilău,0747 333 286,none,,4.6,32,https://maps.google.com/?cid=10242560506634193159&g_mp=Cidnb29nbGUubWFwcy5wbGFjZXMudjEuUGxhY2VzLlNlYXJjaFRleHQQAhgEIAA,market|store|point_of_interest|car_repair|service
ChIJeVWx1g0bSUcRle2r2yL_u8M,2026-08-13,ProAutoPiesa SRL,dezmembrari auto,Gilau,"Strada Principală 229, 407310 Comuna Gilău",0746 175 231,none,,5,11,https://maps.google.com/?cid=14104147183220288917&g_mp=Cidnb29nbGUubWFwcy5wbGFjZXMudjEuUGxhY2VzLlNlYXJjaFRleHQQAhgEIAA,auto_parts_store|store|point_of_interest|car_repair|service
ChIJDYGOcb8TSUcRCdTgvC7VydQ,2026-08-13,Dezmembrari Ford Cluj,dezmembrari auto,Gilau,"valcele fn, Feleacu, Vâlcele",0745 458 593,none,,4.5,29,https://maps.google.com/?cid=15333020803073627145&g_mp=Cidnb29nbGUubWFwcy5wbGFjZXMudjEuUGxhY2VzLlNlYXJjaFRleHQQAhgEIAA,shopping_mall|auto_parts_store|store|point_of_interest|car_repair
ChIJradd0OUPSUcR-TlTj9PlDiE,2026-08-13,Dezmembrări Mercedes Cluj,dezmembrari auto,Gilau,"DC142B, 407055 Cluj-Napoca",0732 425 225,none,,4.5,66,https://maps.google.com/?cid=2382093949731027449&g_mp=Cidnb29nbGUubWFwcy5wbGFjZXMudjEuUGxhY2VzLlNlYXJjaFRleHQQAhgEIAA,point_of_interest|service|establishment
ChIJh6T8H-gOSUcRXB9QbZ0Pjr8,2026-08-13,9006 Auto,dezmembrari auto,Gilau,"Strada Lombului FN, 400227 Cluj-Napoca",0749 977 759,none,,4.4,319,https://maps.google.com/?cid=13802987076755398492&g_mp=Cidnb29nbGUubWFwcy5wbGFjZXMudjEuUGxhY2VzLlNlYXJjaFRleHQQAhgEIAA,auto_parts_store|store|point_of_interest|car_repair|service
ChIJS7hHNZgNSUcRdcsIHl5VaAk,2026-08-13,Dakrom Power,dezmembrari auto,Gilau,"Strada Hodăi FN, langa, Str. Emerson, 400641 Cluj-Napoca",0726 604 073,none,,5,14,https://maps.google.com/?cid=677885606638439285&g_mp=Cidnb29nbGUubWFwcy5wbGFjZXMudjEuUGxhY2VzLlNlYXJjaFRleHQQAhgEIAA,point_of_interest|service|establishment
ChIJWZPRVWJpSUcREtbLPHdj9Fc,2026-08-13,Dezmembrari Auto Turda Sany Copaceni,dezmembrari auto,Gilau,"E60, 407501 Copăceni",0744 951 124,social_only,https://www.facebook.com/SanyDezmembrari?locale=ro_RO,3.9,24,https://maps.google.com/?cid=6337799939389380114&g_mp=Cidnb29nbGUubWFwcy5wbGFjZXMudjEuUGxhY2VzLlNlYXJjaFRleHQQAhgEIAA,auto_parts_store|market|store|point_of_interest|car_repair
ChIJSeuIdVEOSUcR9nPTzcZm8Aw,2026-08-13,Dezmembrari Auto Renault,dezmembrari auto,Gilau,"Str. Donath Nr. 211D, 400535 Cluj-Napoca",0745 997 168,none,,4.8,48,https://maps.google.com/?cid=932358126908437494&g_mp=Cidnb29nbGUubWFwcy5wbGFjZXMudjEuUGxhY2VzLlNlYXJjaFRleHQQAhgEIAA,point_of_interest|car_repair|service|establishment
ChIJz_K5F2cOSUcRDJ6-JPibw-w,2026-08-13,G&M Impex,dezmembrari auto,Gilau,"Mănăștur, Cluj-Napoca",0264 452 397,none,,4.1,639,https://maps.google.com/?cid=17060651303480237580&g_mp=Cidnb29nbGUubWFwcy5wbGFjZXMudjEuUGxhY2VzLlNlYXJjaFRleHQQAhgEIAA,auto_parts_store|store|point_of_interest|car_repair|service
ChIJK7LU0je_SUcRxBBkGrQ32fQ,2026-08-13,Dezmembrari auto 2005,dezmembrari auto,Gilau,"Nima 42B, 405200 Nima",0765 387 709,none,,4,4,https://maps.google.com/?cid=17643194261877035204&g_mp=Cidnb29nbGUubWFwcy5wbGFjZXMudjEuUGxhY2VzLlNlYXJjaFRleHQQAhgEIAA,point_of_interest|service|establishment
ChIJMwSk5iQLSUcR9nsQx4R3unw,2026-08-13,RMD Auto,dezmembrari auto,Apahida,"Centura Apahida-Vâlcele FN, Sub Coastă",0749 417 011,none,,5,1,https://maps.google.com/?cid=8987627418530380790&g_mp=Cidnb29nbGUubWFwcy5wbGFjZXMudjEuUGxhY2VzLlNlYXJjaFRleHQQAhgEIAA,storage|point_of_interest|service|establishment
ChIJ-xE-lO8LSUcRY8ln146vV9g,2026-08-13,ADN Motor Group,dezmembrari auto,Jucu,"Strada Traian Vuia, 407423 Cluj-Napoca",0746 187 033,social_only,https://www.facebook.com/Dezmembrari-Auto-Cluj-ADN-Motor-Group-104654281969074,3.3,38,https://maps.google.com/?cid=15589121663200381283&g_mp=Cidnb29nbGUubWFwcy5wbGFjZXMudjEuUGxhY2VzLlNlYXJjaFRleHQQAhgEIAA,point_of_interest|store|establishment
ChIJfXcWWY2-SUcR43dvUkGmGjY,2026-08-13,Expo Autotec SRL,dezmembrari auto,Jucu,"Bunesti 38, 407411 Bunești",0754 068 825,none,,4.5,35,https://maps.google.com/?cid=3898611226928707555&g_mp=Cidnb29nbGUubWFwcy5wbGFjZXMudjEuUGxhY2VzLlNlYXJjaFRleHQQAhgEIAA,auto_parts_store|car_repair|point_of_interest|service|store
ChIJd1DGY63TYa8R76zMQD7Xw_c,2026-08-13,Dezford MDI,dezmembrari auto,Bontida,"Ion Luca Caragiale 29A, 407042 Sânnicoară",0744 911 978,none,,5,11,https://maps.google.com/?cid=17853350010201877743&g_mp=Cidnb29nbGUubWFwcy5wbGFjZXMudjEuUGxhY2VzLlNlYXJjaFRleHQQAhgEIAA,service|point_of_interest|establishment
ChIJw0NBPQC9SUcRr69hJigBsNk,2026-08-13,Agromec,dezmembrari auto,Gherla,"Strada Clujului 17, 405300 Gherla",0264 241 585,none,,4.3,4,https://maps.google.com/?cid=15686038774085693359&g_mp=Cidnb29nbGUubWFwcy5wbGFjZXMudjEuUGxhY2VzLlNlYXJjaFRleHQQAhgEIAA,car_repair|service|point_of_interest|establishment
ChIJowPjqIi5SUcRJHmHs7obKi0,2026-08-13,Gavris Dezmembrari,dezmembrari auto,Dej,"Strada Sărata de Jos 2, 405200 Dej",0768 808 047,none,,4.1,15,https://maps.google.com/?cid=3254444169418471716&g_mp=Cidnb29nbGUubWFwcy5wbGFjZXMudjEuUGxhY2VzLlNlYXJjaFRleHQQAhgEIAA,car_repair|service|point_of_interest|establishment
ChIJ-81vPQDHSUcROu5mRxgqp14,2026-08-13,Dezmembrari autoutilitare Dej,dezmembrari auto,Dej,407260 Cuzdrioara,,none,,5,1,https://maps.google.com/?cid=6820466444441415226&g_mp=Cidnb29nbGUubWFwcy5wbGFjZXMudjEuUGxhY2VzLlNlYXJjaFRleHQQAhgEIAA,service|point_of_interest|establishment
ChIJk25Pcq-5SUcR3NMO-X2I-2A,2026-08-13,Autobit,dezmembrari auto,Dej,"Strada Avram Iancu 23, 405200 Dej",0760 600 086,none,,4.9,48,https://maps.google.com/?cid=6988329321426244572&g_mp=Cidnb29nbGUubWFwcy5wbGFjZXMudjEuUGxhY2VzLlNlYXJjaFRleHQQAhgEIAA,auto_parts_store|tire_shop|car_repair|store|service
ChIJR1NX4m_HSUcRJHP2BLy176M,2026-08-13,Fil Autoserv,dezmembrari auto,Dej,"bistritei nr.12c1, 405200 Dej",0741 085 047,none,,4.3,91,https://maps.google.com/?cid=11812860166757839652&g_mp=Cidnb29nbGUubWFwcy5wbGFjZXMudjEuUGxhY2VzLlNlYXJjaFRleHQQAhgEIAA,chauffeur_service|car_repair|transportation_service|service|point_of_interest
ChIJT-YkwZW_SUcRgV-Jdj0BOks,2026-08-13,Teocan Auto,dezmembrari auto,Dej,"Strada Vâlcele 36E, 405200 Dej",0726 229 285,social_only,https://www.facebook.com/talion.ro/,4.9,8,https://maps.google.com/?cid=5420646464987160449&g_mp=Cidnb29nbGUubWFwcy5wbGFjZXMudjEuUGxhY2VzLlNlYXJjaFRleHQQAhgEIAA,chauffeur_service|transportation_service|point_of_interest|establishment
ChIJsUrTcoG5SUcRbHZ1orYgIFg,2026-08-13,Tractari auto Dej,dezmembrari auto,Dej,"Strada 1 Mai 74, 405200 Dej",0761 213 432,social_only,https://www.facebook.com/profile.php?id=100068906079347,4.9,74,https://maps.google.com/?cid=6350111443374143084&g_mp=Cidnb29nbGUubWFwcy5wbGFjZXMudjEuUGxhY2VzLlNlYXJjaFRleHQQAhgEIAA,transportation_service|service|point_of_interest|establishment
ChIJMzmSkOoPSUcRxy-JuCBSw2c,2026-08-13,TransAuto,dezmembrari auto,Dej,"Strada Partizanilor 120, 400000 Cluj-Napoca",0729 308 116,none,,4.2,63,https://maps.google.com/?cid=7476910106853584839&g_mp=Cidnb29nbGUubWFwcy5wbGFjZXMudjEuUGxhY2VzLlNlYXJjaFRleHQQAhgEIAA,chauffeur_service|transportation_service|point_of_interest|establishment
ChIJkyeQRq-4SUcRYHrPPuLt7-w,2026-08-13,Piese Auto Import,dezmembrari auto,Dej,"Strada Sărata de Jos, 405200 Dej",,none,,,0,https://maps.google.com/?cid=17073126268357016160&g_mp=Cidnb29nbGUubWFwcy5wbGFjZXMudjEuUGxhY2VzLlNlYXJjaFRleHQQAhgEIAA,auto_parts_store|car_repair|store|service|point_of_interest
ChIJDVgzk_dnSUcRTmJ4_iAA1yA,2026-08-13,Dezmembrari auto Campia Turzii-Enrimar,dezmembrari auto,Campia Turzii,"Strada Iancu Jianu 36b, 405100 Câmpia Turzii",0728 393 337,none,,5,4,https://maps.google.com/?cid=2366360270914740814&g_mp=Cidnb29nbGUubWFwcy5wbGFjZXMudjEuUGxhY2VzLlNlYXJjaFRleHQQAhgEIAA,service|point_of_interest|establishment
ChIJj3l9si5pSUcRN30hAKd6tJc,2026-08-13,lohan Market,dezmembrari auto,Iara Cluj,"E60, 407501 Copăceni",0743 810 309,none,,3.8,30,https://maps.google.com/?cid=10931497053215358263&g_mp=Cidnb29nbGUubWFwcy5wbGFjZXMudjEuUGxhY2VzLlNlYXJjaFRleHQQAhgEIAA,auto_parts_store|car_repair|store|point_of_interest|service
ChIJuwBBkOcRSUcRBBJu3hYxzBM,2026-08-13,SERVICE AUTO PROFESSIONAL & QUICK,dezmembrari auto,Capusu Mare,"Sat Finișel, nr 85A, 407506",0743 505 425,none,,4.3,7,https://maps.google.com/?cid=1426569156260401668&g_mp=Cidnb29nbGUubWFwcy5wbGFjZXMudjEuUGxhY2VzLlNlYXJjaFRleHQQAhgEIAA,point_of_interest|service|establishment
ChIJ96IIaolnSEcR-x6tLSVxDJ0,2026-08-13,SC AUTOPARTS SRL,dezmembrari auto,Aghiresu,"Aghireș, nr. 438/A, 457246 Aghireș",0755 543 608,none,,4.3,10,https://maps.google.com/?cid=11316544368169262843&g_mp=Cidnb29nbGUubWFwcy5wbGFjZXMudjEuUGxhY2VzLlNlYXJjaFRleHQQAhgEIAA,service|point_of_interest|establishment
ChIJVYUbn8kPSUcRu4yGXEfhxKA,2026-08-13,Movi Impex,dezmembrari auto,Mociu,"Sat Corpadea,Str.Closca nr.4,com.Apahida, 407038 Corpadea",0730 230 733,none,,5,7,https://maps.google.com/?cid=11584631838115007675&g_mp=Cidnb29nbGUubWFwcy5wbGFjZXMudjEuUGxhY2VzLlNlYXJjaFRleHQQAhgEIAA,car_repair|service|point_of_interest|establishment
ChIJuypmXDAbSUcR6A2ou-W4mrk,2026-08-13,Service Auto,service auto,Gilau,"Strada Feser 527, 407310 Gilău",,none,,4.3,10,https://maps.google.com/?cid=13374205340265483752&g_mp=Cidnb29nbGUubWFwcy5wbGFjZXMudjEuUGxhY2VzLlNlYXJjaFRleHQQAhgEIAA,car_repair|service|point_of_interest|establishment
ChIJn88sytgbSUcRe4OukEAwqnc,2026-08-13,Vulcanizare Mobila Cluj-Gilău Non-Stop,service auto,Gilau,"Strada 1 Decembrie 1918 73, 407310 Gilău",0740 293 380,none,,5,76,https://maps.google.com/?cid=8622757490417632123&g_mp=Cidnb29nbGUubWFwcy5wbGFjZXMudjEuUGxhY2VzLlNlYXJjaFRleHQQAhgEIAA,car_repair|service|point_of_interest|establishment
ChIJJ1dzSWsbSUcRath8oRbrJuw,2026-08-13,Dimar Import-Export,service auto,Gilau,407310 Comuna Gilău,0748 299 389,none,,4.9,44,https://maps.google.com/?cid=17016546724497119338&g_mp=Cidnb29nbGUubWFwcy5wbGFjZXMudjEuUGxhY2VzLlNlYXJjaFRleHQQAhgEIAA,car_repair|service|point_of_interest|establishment
ChIJG8LOy5UdSUcR7JYT9X7Wnqs,2026-08-13,Mtrucksservice,service auto,Gilau,"Strada Apuseni, Gilău",,none,,4.9,10,https://maps.google.com/?cid=12366557467571885804&g_mp=Cidnb29nbGUubWFwcy5wbGFjZXMudjEuUGxhY2VzLlNlYXJjaFRleHQQAhgEIAA,auto_parts_store|car_repair|service|point_of_interest|store
ChIJ-Qg0PNobSUcRQzdVAP3MvQc,2026-08-13,AutoGiro,service auto,Gilau,"Str. Someșului Rece 163, 407310 Gilău",0743 022 801,none,,4.8,6,https://maps.google.com/?cid=557827315868186435&g_mp=Cidnb29nbGUubWFwcy5wbGFjZXMudjEuUGxhY2VzLlNlYXJjaFRleHQQAhgEIAA,auto_parts_store|car_repair|service|point_of_interest|store
ChIJNzdTyMQbSUcRSL1nsLrnkXs,2026-08-13,Tractări Auto Cluj Transilvania- Asistență Rutieră Transilvania -,service auto,Gilau,"Strada 1 Decembrie 1918 342, 407310 Gilău",0750 266 066,none,,,0,https://maps.google.com/?cid=8904152727297703240&g_mp=Cidnb29nbGUubWFwcy5wbGFjZXMudjEuUGxhY2VzLlNlYXJjaFRleHQQAhgEIAA,transportation_service|point_of_interest|establishment
ChIJ96oHjq0aSUcRtS1C2uxpXxk,2026-08-13,Service Șerban,service auto,Gilau,"Strada Mihai Eminescu 900, 407281 Luna de Sus",0744 931 111,none,,4.9,323,https://maps.google.com/?cid=1828296439730679221&g_mp=Cidnb29nbGUubWFwcy5wbGFjZXMudjEuUGxhY2VzLlNlYXJjaFRleHQQAhgEIAA,chauffeur_service|point_of_interest|transportation_service|establishment
ChIJNenOe4AOSUcRK1eVRSEqQ34,2026-08-13,Service Auto,service auto,Gilau,"400000, Strada Ciprian Porumbescu, 400535 Cluj-Napoca",,none,,4.5,82,https://maps.google.com/?cid=9098161994608236331&g_mp=Cidnb29nbGUubWFwcy5wbGFjZXMudjEuUGxhY2VzLlNlYXJjaFRleHQQAhgEIAA,car_repair|service|point_of_interest|establishment
ChIJ--rWCggPSUcR1AkROfIKDGI,2026-08-13,Disco Service,service auto,Floresti Cluj,"Str. Eroilor 5a, 407280 Florești",0748 229 277,social_only,https://www.facebook.com/discoservicedr.z/,4.4,107,https://maps.google.com/?cid=7065033950893246932&g_mp=Cidnb29nbGUubWFwcy5wbGFjZXMudjEuUGxhY2VzLlNlYXJjaFRleHQQAhgEIAA,car_repair|service|point_of_interest|establishment
ChIJMZUq-CgQSUcRc_31lGGv-qQ,2026-08-13,Nick's Garage,service auto,Floresti Cluj,"Strada Cetății 326, 407280 Florești",0751 095 791,none,,4.3,195,https://maps.google.com/?cid=11888007000043683187&g_mp=Cidnb29nbGUubWFwcy5wbGFjZXMudjEuUGxhY2VzLlNlYXJjaFRleHQQAhgEIAA,car_repair|service|point_of_interest|establishment
ChIJJ6JcRjAPSUcRuSa1jRTNZ7g,2026-08-13,Atelier Auto (ADI),service auto,Floresti Cluj,"Strada Avram Iancu 192, 407280 Florești",0745 093 904,none,,4.8,45,https://maps.google.com/?cid=13287814713740437177&g_mp=Cidnb29nbGUubWFwcy5wbGFjZXMudjEuUGxhY2VzLlNlYXJjaFRleHQQAhgEIAA,car_repair|service|point_of_interest|establishment
ChIJ5yQV4AQPSUcRPvqEfM8uB50,2026-08-13,VDI Service Auto Florești,service auto,Floresti Cluj,"Strada Avram Iancu 93A, 407280 Florești",0727 973 387,none,,4.6,26,https://maps.google.com/?cid=11315064057473858110&g_mp=Cidnb29nbGUubWFwcy5wbGFjZXMudjEuUGxhY2VzLlNlYXJjaFRleHQQAhgEIAA,chauffeur_service|market|car_repair|service|point_of_interest
ChIJjzBu394PSUcRLi7_AqE_D-4,2026-08-13,Remus Car,service auto,Floresti Cluj,"Strada Avram Iancu 148, 407280 Florești",0742 220 022,none,,4.4,170,https://maps.google.com/?cid=17153999466450071086&g_mp=Cidnb29nbGUubWFwcy5wbGFjZXMudjEuUGxhY2VzLlNlYXJjaFRleHQQAhgEIAA,car_repair|service|point_of_interest|establishment
ChIJLYoEKjgOSUcRu5_GrqGTrII,2026-08-13,Auto Safe Motors,service auto,Floresti Cluj,"Str. Răzoare, 407280 Florești",0740 892 843,none,,4,21,https://maps.google.com/?cid=9416063243556134843&g_mp=Cidnb29nbGUubWFwcy5wbGFjZXMudjEuUGxhY2VzLlNlYXJjaFRleHQQAhgEIAA,car_repair|service|point_of_interest|establishment
ChIJ55bn3KwPSUcReSBYu-sAEas,2026-08-13,Vroom Auto Repair,service auto,Floresti Cluj,"Strada Avram Iancu 93 B, 407280 Florești",0770 687 540,none,,4.7,28,https://maps.google.com/?cid=12326634667550187641&g_mp=Cidnb29nbGUubWFwcy5wbGFjZXMudjEuUGxhY2VzLlNlYXJjaFRleHQQAhgEIAA,car_repair|service|point_of_interest|establishment
ChIJB_7RUAAPSUcRR5iwfA3N0JU,2026-08-13,Electrician AUTO,service auto,Floresti Cluj,"Str. Profesor Dumitru Mocanu, 407280 Florești",0743 086 836,none,,5,5,https://maps.google.com/?cid=10795353764617295943&g_mp=Cidnb29nbGUubWFwcy5wbGFjZXMudjEuUGxhY2VzLlNlYXJjaFRleHQQAhgEIAA,car_repair|service|point_of_interest|establishment
ChIJ696pCwARSUcRPWc8NngpuLc,2026-08-13,ERA Service Auto,service auto,Floresti Cluj,"Str. Eroilor 56, 407280 Florești",0748 087 037,none,,4.5,16,https://maps.google.com/?cid=13238376700938315581&g_mp=Cidnb29nbGUubWFwcy5wbGFjZXMudjEuUGxhY2VzLlNlYXJjaFRleHQQAhgEIAA,car_repair|service|point_of_interest|establishment
ChIJ_8chpB4PSUcRoccl9i_8ciA,2026-08-13,GLL Service Gagyi SNC,service auto,Baciu Cluj,"Strada Transilvaniei 7, 407055 Baciu",0742 786 778,social_only,https://www.facebook.com/gllservice/?fref=ts,4.9,88,https://maps.google.com/?cid=2338208439482042273&g_mp=Cidnb29nbGUubWFwcy5wbGFjZXMudjEuUGxhY2VzLlNlYXJjaFRleHQQAhgEIAA,car_repair|point_of_interest|service|establishment
ChIJlWJAvecOSUcR2KLu66P8-xw,2026-08-13,Service Esapamente,service auto,Baciu Cluj,"Calea Baciului 45, 400277 Cluj-Napoca",0742 183 209,none,,4.7,321,https://maps.google.com/?cid=2088540633184510680&g_mp=Cidnb29nbGUubWFwcy5wbGFjZXMudjEuUGxhY2VzLlNlYXJjaFRleHQQAhgEIAA,car_repair|chauffeur_service|transportation_service|point_of_interest|service
ChIJ-4qXWtkPSUcRTqUj3ZfZR4g,2026-08-13,Polish Garage,service auto,Baciu Cluj,"Strada Transilvaniei 24, 407055 Baciu",0721 017 834,none,,5,42,https://maps.google.com/?cid=9820056758778045774&g_mp=Cidnb29nbGUubWFwcy5wbGFjZXMudjEuUGxhY2VzLlNlYXJjaFRleHQQAhgEIAA,car_repair|point_of_interest|service|establishment
ChIJC25O-j0PSUcRFvV1uVu2QSY,2026-08-13,Mese Anvelope,service auto,Baciu Cluj,"Strada Transilvaniei 34, 407055 Baciu",0745 204 513,none,,4.5,244,https://maps.google.com/?cid=2756684951997248790&g_mp=Cidnb29nbGUubWFwcy5wbGFjZXMudjEuUGxhY2VzLlNlYXJjaFRleHQQAhgEIAA,tire_shop|auto_parts_store|car_repair|store|point_of_interest
ChIJG7vMXVYPSUcRd6G5BY2Q8b0,2026-08-13,Bimmer,service auto,Baciu Cluj,"Calea Baciului 2-4, corp c12, 400277 Cluj-Napoca",0740 640 218,none,,4.9,113,https://maps.google.com/?cid=13686879677916488055&g_mp=Cidnb29nbGUubWFwcy5wbGFjZXMudjEuUGxhY2VzLlNlYXJjaFRleHQQAhgEIAA,car_repair|point_of_interest|service|establishment
ChIJZeUKu1cPSUcR67pHyjRszeg,2026-08-13,#BimmerSystems,service auto,Baciu Cluj,"Calea Baciului 2-4, 400230 Cluj-Napoca",0799 816 552,social_only,https://www.facebook.com/BimmerSystems/,5,77,https://maps.google.com/?cid=16775183161012763371&g_mp=Cidnb29nbGUubWFwcy5wbGFjZXMudjEuUGxhY2VzLlNlYXJjaFRleHQQAhgEIAA,car_repair|point_of_interest|service|establishment
ChIJz1-OROEOSUcRlLU7lH65Jhk,2026-08-13,glisando auto service,service auto,Baciu Cluj,"Calea Baciului, 400230 Cluj-Napoca",0723 017 339,none,,4,16,https://maps.google.com/?cid=1812339853367162260&g_mp=Cidnb29nbGUubWFwcy5wbGFjZXMudjEuUGxhY2VzLlNlYXJjaFRleHQQAhgEIAA,car_repair|point_of_interest|service|establishment
ChIJ_xZ76EMPSUcRpMYsIpjIY3E,2026-08-13,Underground MotoService,service auto,Baciu Cluj,"Calea Baciului 2-4, 400230 Baciu",0751 048 933,social_only,http://facebook.com/ZoomyService,4.7,34,https://maps.google.com/?cid=8170594704714155684&g_mp=Cidnb29nbGUubWFwcy5wbGFjZXMudjEuUGxhY2VzLlNlYXJjaFRleHQQAhgEIAA,car_repair|point_of_interest|service|establishment
ChIJ-YzuHeEOSUcRL-yJb0yg2Nw,2026-08-13,MDM Autoconstruct,service auto,Baciu Cluj,"Calea Baciului 1-3, 400230 Cluj-Napoca",0726 472 843,none,,3.9,10,https://maps.google.com/?cid=15913645533462916143&g_mp=Cidnb29nbGUubWFwcy5wbGFjZXMudjEuUGxhY2VzLlNlYXJjaFRleHQQAhgEIAA,auto_parts_store|chauffeur_service|tire_shop|car_repair|transportation_service
ChIJmQ9iDIwFSUcRGhuRJo_fPqs,2026-08-13,Automeister Bifcom,service auto,Baciu Cluj,"Principală 528, 407062 Suceagu",0724 565 690,none,,4.7,124,https://maps.google.com/?cid=12339545834962098970&g_mp=Cidnb29nbGUubWFwcy5wbGFjZXMudjEuUGxhY2VzLlNlYXJjaFRleHQQAhgEIAA,car_repair|transportation_service|point_of_interest|service|establishment
ChIJX_qq2d8PSUcRUBTA--sZWc0,2026-08-13,Lexicar,service auto,Baciu Cluj,"Strada Tudor Vladimirescu 15-17, corp E, 400225 Cluj-Napoca",0762 833 977,none,,4.9,59,https://maps.google.com/?cid=14796886552034153552&g_mp=Cidnb29nbGUubWFwcy5wbGFjZXMudjEuUGxhY2VzLlNlYXJjaFRleHQQAhgEIAA,chauffeur_service|car_repair|transportation_service|point_of_interest|service
ChIJA055VYJ1SUcRbYKjz9KGd1c,2026-08-13,Sabo ITP & SERVICE,service auto,Apahida,"DJ161A 23, 407035 Apahida",0756 221 704,social_only,https://www.facebook.com/profile.php?id=61572422709396,4.7,102,https://maps.google.com/?cid=6302654443513152109&g_mp=Cidnb29nbGUubWFwcy5wbGFjZXMudjEuUGxhY2VzLlNlYXJjaFRleHQQAhgEIAA,car_repair|point_of_interest|service|establishment
ChIJj1LHgegLSUcRx-SoT2YQ0PA,2026-08-13,Metzedes,service auto,Apahida,"Strada Libertăţii 319A, 407035 Apahida",0733 793 954,none,,5,16,https://maps.google.com/?cid=17352387395867698375&g_mp=Cidnb29nbGUubWFwcy5wbGFjZXMudjEuUGxhY2VzLlNlYXJjaFRleHQQAhgEIAA,car_repair|point_of_interest|service|establishment
ChIJQezwj-8NSUcRBJUDWeJMqEI,2026-08-13,T&M Garage,service auto,Apahida,"Centura Apahida-Vâlcele, 407039 Dezmir",0744 685 898,social_only,https://www.facebook.com/share/18SAsfSsCb/?mibextid=wwXIfr,5,7,https://maps.google.com/?cid=4803173537630360836&g_mp=Cidnb29nbGUubWFwcy5wbGFjZXMudjEuUGxhY2VzLlNlYXJjaFRleHQQAhgEIAA,car_repair|point_of_interest|service|establishment
ChIJrymTTUkLSUcRb8B0P9MVTSw,2026-08-13,Jepo Service,service auto,Apahida,"Strada Clujului 59, DN1C 59, 407042 Sânnicoară",0740 135 737,social_only,https://www.facebook.com/lahoreaservice,4.6,94,https://maps.google.com/?cid=3192231707922448495&g_mp=Cidnb29nbGUubWFwcy5wbGFjZXMudjEuUGxhY2VzLlNlYXJjaFRleHQQAhgEIAA,car_repair|chauffeur_service|auto_parts_store|transportation_service|store
ChIJi9ga9ip1SUcR-_5Cx3veodw,2026-08-13,La Daniel - Vulcanizare/Spalatorie self wash,service auto,Apahida,"Strada Cloşca 10, 407035 Apahida",0751 495 469,none,,4.8,155,https://maps.google.com/?cid=15898232782799961851&g_mp=Cidnb29nbGUubWFwcy5wbGFjZXMudjEuUGxhY2VzLlNlYXJjaFRleHQQAhgEIAA,laundry|car_repair|point_of_interest|service|establishment
ChIJRaViUwALSUcRn04qPlVD2eI,2026-08-13,Tibi Bondor Service,service auto,Apahida,"Strada Campenesti 3b, 407037 Apahida",,none,,5,4,https://maps.google.com/?cid=16346170355912167071&g_mp=Cidnb29nbGUubWFwcy5wbGFjZXMudjEuUGxhY2VzLlNlYXJjaFRleHQQAhgEIAA,car_repair|point_of_interest|service|establishment
ChIJuyXe4x4PSUcROZSFC7BMPNE,2026-08-13,Pop Vulcanizare mobila,service auto,Apahida,"Piața Mihai Viteazu Apahida, Feleac, Chinteni Florești, 400657 Cluj-Napoca",0771 298 457,none,,5,21,https://maps.google.com/?cid=15077009971520836665&g_mp=Cidnb29nbGUubWFwcy5wbGFjZXMudjEuUGxhY2VzLlNlYXJjaFRleHQQAhgEIAA,car_repair|point_of_interest|service|establishment
ChIJk5IvAYB1SUcRjIwJpS13C2k,2026-08-13,VULCANIZARE POP,service auto,Apahida,"Strada Parcului 3, 407035 Apahida",0745 535 014,none,,5,144,https://maps.google.com/?cid=7569274636652350604&g_mp=Cidnb29nbGUubWFwcy5wbGFjZXMudjEuUGxhY2VzLlNlYXJjaFRleHQQAhgEIAA,car_repair|point_of_interest|service|establishment
ChIJe3q3WG8LSUcRKu8r8zOIqXc,2026-08-13,Solex,service auto,Apahida,"Strada Libertăţii 319A, 407035 Apahida",0770 204 988,none,,,0,https://maps.google.com/?cid=8622572718281977642&g_mp=Cidnb29nbGUubWFwcy5wbGFjZXMudjEuUGxhY2VzLlNlYXJjaFRleHQQAhgEIAA,chauffeur_service|transportation_service|point_of_interest|establishment
ChIJo9-1pWGfSUcRAtfgTfUchyM,2026-08-13,MD AUTO STUDIO,service auto,Jucu,"Strada Sarata 10, 407354 Jucu de Sus",0757 174 398,social_only,https://www.facebook.com/share/1La67H2PWU/?mibextid=wwXIfr,5,14,https://maps.google.com/?cid=2560046753082562306&g_mp=Cidnb29nbGUubWFwcy5wbGFjZXMudjEuUGxhY2VzLlNlYXJjaFRleHQQAhgEIAA,service|point_of_interest|establishment
ChIJP0EEdgALSUcRujipR6rssT4,2026-08-13,Vulcanizare Jucu de Mijloc,service auto,Jucu,"Str. Stadionului nr26, 407353 Jucu de Mijloc",0759 103 256,none,,5,13,https://maps.google.com/?cid=4517652117320186042&g_mp=Cidnb29nbGUubWFwcy5wbGFjZXMudjEuUGxhY2VzLlNlYXJjaFRleHQQAhgEIAA,car_repair|service|point_of_interest|establishment
ChIJf4syV9uhSUcRetky12fyzHM,2026-08-13,Multimarca,service auto,Jucu,"nr.214, Jucu de Mijloc",0727 544 348,none,,4.9,8,https://maps.google.com/?cid=8344310737416673658&g_mp=Cidnb29nbGUubWFwcy5wbGFjZXMudjEuUGxhY2VzLlNlYXJjaFRleHQQAhgEIAA,car_repair|manufacturer|service|point_of_interest|establishment
ChIJkVxMWAQMSUcRLaelV5u04kA,2026-08-13,Sturimex Service,service auto,Jucu,"Str. Bulgarilor 10, 400627 Cluj-Napoca",0740 166 499,none,,4.7,757,https://maps.google.com/?cid=4675497942447400749&g_mp=Cidnb29nbGUubWFwcy5wbGFjZXMudjEuUGxhY2VzLlNlYXJjaFRleHQQAhgEIAA,auto_parts_store|car_repair|store|service|point_of_interest
ChIJq1gsJG6fSUcRHdE2kqiT7j0,2026-08-13,Vulcanizare Jucu de Sus,service auto,Jucu,Jucu de Sus,,none,,4.9,7,https://maps.google.com/?cid=4462666632987595037&g_mp=Cidnb29nbGUubWFwcy5wbGFjZXMudjEuUGxhY2VzLlNlYXJjaFRleHQQAhgEIAA,car_repair|service|point_of_interest|establishment
ChIJ05o_8Cu_SUcRTLAa8BY46qM,2026-08-13,DEZ AUTO TRUCK SRL,service auto,Jucu,"Str. Râtului 6, 400458 Jucu de Mijloc",0748 534 022,none,,4.8,12,https://maps.google.com/?cid=11811314643901263948&g_mp=Cidnb29nbGUubWFwcy5wbGFjZXMudjEuUGxhY2VzLlNlYXJjaFRleHQQAhgEIAA,transportation_service|point_of_interest|establishment
ChIJC9J6EV0JSUcRqsTHrEryXII,2026-08-13,Gramin Auto,service auto,Jucu,"bloc i2, Strada Oașului nr.86-90, Apartament 16, 400001 Cluj-Napoca",0748 824 886,none,,4.7,25,https://maps.google.com/?cid=9393649325328286890&g_mp=Cidnb29nbGUubWFwcy5wbGFjZXMudjEuUGxhY2VzLlNlYXJjaFRleHQQAhgEIAA,car_repair|service|point_of_interest|establishment
ChIJcxA3PUUNSUcRFkTnGKzPaHQ,2026-08-13,Service Auto,service auto,Jucu,"Str. Meteor 58, 400347 Cluj-Napoca",,none,,5,9,https://maps.google.com/?cid=8388182644036682774&g_mp=Cidnb29nbGUubWFwcy5wbGFjZXMudjEuUGxhY2VzLlNlYXJjaFRleHQQAhgEIAA,car_repair|service|point_of_interest|establishment
ChIJ9XQo6qEOSUcRP6LxOO15q8I,2026-08-13,Eco Service,service auto,Jucu,"Strada Traian 40-42, 400046 Cluj-Napoca",0743 302 682,social_only,https://www.facebook.com/407068096137146,4.6,53,https://maps.google.com/?cid=14027439524145111615&g_mp=Cidnb29nbGUubWFwcy5wbGFjZXMudjEuUGxhY2VzLlNlYXJjaFRleHQQAhgEIAA,chauffeur_service|car_repair|transportation_service|service|point_of_interest
ChIJY5tpMwCjSUcRZSTUpNDidC0,2026-08-13,Bonțida,service auto,Bontida,"Str. Gării 920, 407105 Bonțida",,none,,4.3,3,https://maps.google.com/?cid=3275492214751634533&g_mp=Cidnb29nbGUubWFwcy5wbGFjZXMudjEuUGxhY2VzLlNlYXJjaFRleHQQAhgEIAA,car_repair|point_of_interest|service|establishment
ChIJZeIJ8WUPSUcRS4Gx8XvsPsc,2026-08-13,Dani Service Rapid.srl,service auto,Bontida,"Strada Mehedinți 82, 400000 Cluj-Napoca",0745 254 260,social_only,https://www.facebook.com/daniservicerapidsrl,4.4,66,https://maps.google.com/?cid=14357172679183794507&g_mp=Cidnb29nbGUubWFwcy5wbGFjZXMudjEuUGxhY2VzLlNlYXJjaFRleHQQAhgEIAA,chauffeur_service|transportation_service|point_of_interest|establishment
ChIJ3WF2ZFS9SUcR9CN0N7e3pXQ,2026-08-13,Sc Ady&Lica auto srl,service auto,Bontida,"str Clujului Nr 1 a, 407105 Bonțida",0742 123 880,none,,5,4,https://maps.google.com/?cid=8405326277094155252&g_mp=Cidnb29nbGUubWFwcy5wbGFjZXMudjEuUGxhY2VzLlNlYXJjaFRleHQQAhgEIAA,car_repair|point_of_interest|service|establishment
ChIJ31HExEoMSUcR_FGEU-gk-KE,2026-08-13,RM Auto Service,service auto,Bontida,"Strada Becaș, 400478 Cluj-Napoca",0729 120 752,social_only,https://www.facebook.com/webcarservicecluj,3.8,62,https://maps.google.com/?cid=11671119014582833660&g_mp=Cidnb29nbGUubWFwcy5wbGFjZXMudjEuUGxhY2VzLlNlYXJjaFRleHQQAhgEIAA,car_repair|point_of_interest|service|establishment
ChIJtSKcrJENSUcR2ZflHnAXvg4,2026-08-13,Speed Auto Service,service auto,Bontida,"Strada Câmpina 66, 400335 Cluj-Napoca",0745 856 231,social_only,https://www.facebook.com/123speedautoservice,3.7,24,https://maps.google.com/?cid=1062312332428154841&g_mp=Cidnb29nbGUubWFwcy5wbGFjZXMudjEuUGxhY2VzLlNlYXJjaFRleHQQAhgEIAA,car_repair|point_of_interest|service|establishment
ChIJ0TxVLAC9SUcRuNzNsJ8MXI0,2026-08-13,Service Auto Fritzi,service auto,Gherla,"Strada Hășdății 42c, 405300 Gherla",0744 989 748,none,,4.8,18,https://maps.google.com/?cid=10186030337210834104&g_mp=Cidnb29nbGUubWFwcy5wbGFjZXMudjEuUGxhY2VzLlNlYXJjaFRleHQQAhgEIAA,car_repair|point_of_interest|service|establishment
ChIJm-51hLy9SUcR3Ru8Qm0uQ7M,2026-08-13,Auto Bim Service,service auto,Gherla,"Strada Ciocârliei 14C, 405300 Gherla",0264 243 031,none,,5,2,https://maps.google.com/?cid=12917219203034651613&g_mp=Cidnb29nbGUubWFwcy5wbGFjZXMudjEuUGxhY2VzLlNlYXJjaFRleHQQAhgEIAA,car_repair|point_of_interest|service|establishment
ChIJsw-NDZ29SUcR-ZNxmuww8To,2026-08-13,RIMecanic Garage,service auto,Gherla,"Strada Clujului 3b, 405300 Gherla",0754 693 257,social_only,https://www.facebook.com/share/17daLbAFZF/,,0,https://maps.google.com/?cid=4247229716348638201&g_mp=Cidnb29nbGUubWFwcy5wbGFjZXMudjEuUGxhY2VzLlNlYXJjaFRleHQQAhgEIAA,chauffeur_service|transportation_service|point_of_interest|establishment
ChIJm-51hLy9SUcRGzD0GoAjmxQ,2026-08-13,SERVICE AUTO M.J. S.R.L.,service auto,Gherla,"Strada Ştefan cel Mare 6, 405300 Gherla",0264 243 969,none,,3,2,https://maps.google.com/?cid=1484819535263707163&g_mp=Cidnb29nbGUubWFwcy5wbGFjZXMudjEuUGxhY2VzLlNlYXJjaFRleHQQAhgEIAA,point_of_interest|establishment
ChIJNUE_9o6-SUcR6kZXqME5Tsg,2026-08-13,ITP QH AUTO Service Bunesti,service auto,Gherla,"Bunesti, nr. 38B ,com. Mintiu Gherlii, 407411 Bunești",0744 562 595,social_only,https://www.facebook.com/QHAUTO,4.6,113,https://maps.google.com/?cid=14433537359684781802&g_mp=Cidnb29nbGUubWFwcy5wbGFjZXMudjEuUGxhY2VzLlNlYXJjaFRleHQQAhgEIAA,car_repair|point_of_interest|service|establishment
ChIJ69IKaQC9SUcRJhqNRagmp6s,2026-08-13,Auto Check Center Pausil Auto,service auto,Gherla,Băiţa,,none,,4.7,44,https://maps.google.com/?cid=12368897405759592998&g_mp=Cidnb29nbGUubWFwcy5wbGFjZXMudjEuUGxhY2VzLlNlYXJjaFRleHQQAhgEIAA,car_repair|point_of_interest|service|establishment
ChIJQbe_4nzHSUcRbjwe1hgjXGw,2026-08-13,Liadom Service Auto Dej,service auto,Gherla,"Strada Pintea Viteazu 27, 405200 Dej",0766 772 808,social_only,https://www.facebook.com/LiadomService/,4.4,133,https://maps.google.com/?cid=7808154443532090478&g_mp=Cidnb29nbGUubWFwcy5wbGFjZXMudjEuUGxhY2VzLlNlYXJjaFRleHQQAhgEIAA,chauffeur_service|auto_parts_store|car_repair|transportation_service|point_of_interest
ChIJi6ILj5K9SUcRuX-JPZA33as,2026-08-13,Gumirom,service auto,Gherla,"Strada Liviu Rebreanu, 405300 Gherla",0744 398 932,social_only,https://www.facebook.com/people/Gumirom-The-Tyre-Expert/100054455320976/,4.4,124,https://maps.google.com/?cid=12384115642985971641&g_mp=Cidnb29nbGUubWFwcy5wbGFjZXMudjEuUGxhY2VzLlNlYXJjaFRleHQQAhgEIAA,tire_shop|auto_parts_store|car_repair|point_of_interest|service
ChIJ3wI1MK69SUcR0L0v5FJvvnY,2026-08-13,ITP Simplex Motors S.R.L.,service auto,Gherla,"Strada Clujului 3B, 405300 Gherla",0766 429 454,none,,5,26,https://maps.google.com/?cid=8556398743856856528&g_mp=Cidnb29nbGUubWFwcy5wbGFjZXMudjEuUGxhY2VzLlNlYXJjaFRleHQQAhgEIAA,point_of_interest|establishment
ChIJsY8429G9SUcR5DgdWaTo2R4,2026-08-13,Spălătorie auto interior&exterior,service auto,Gherla,"Șoseaua Dejului 51c, 405300 Gherla",,none,,4.7,7,https://maps.google.com/?cid=2223063683651418340&g_mp=Cidnb29nbGUubWFwcy5wbGFjZXMudjEuUGxhY2VzLlNlYXJjaFRleHQQAhgEIAA,car_repair|point_of_interest|service|establishment
ChIJr2DE9re9SUcR_D0MUGjcPrU,2026-08-13,Borsos Tour Service Auto,service auto,Gherla,"Strada Crinului 12, 405300 Gherla",0264 241 776,none,,4,2,https://maps.google.com/?cid=13060118309998706172&g_mp=Cidnb29nbGUubWFwcy5wbGFjZXMudjEuUGxhY2VzLlNlYXJjaFRleHQQAhgEIAA,car_repair|point_of_interest|service|establishment
ChIJi4KCdgC9SUcRcfS9cd4JjKg,2026-08-13,Florin Prest Com,service auto,Gherla,"DN1C, Băiţa",0264 241 547,none,,4,14,https://maps.google.com/?cid=12145093146107049073&g_mp=Cidnb29nbGUubWFwcy5wbGFjZXMudjEuUGxhY2VzLlNlYXJjaFRleHQQAhgEIAA,car_repair|point_of_interest|service|establishment
ChIJf9VmM0W5SUcR6kBgRd3t-QQ,2026-08-13,Top Auto DMV,service auto,Dej,"Strada Vâlcele 12, 405200 Dej",0724 053 394,none,,4.6,121,https://maps.google.com/?cid=358579179960156394&g_mp=Cidnb29nbGUubWFwcy5wbGFjZXMudjEuUGxhY2VzLlNlYXJjaFRleHQQAhgEIAA,car_repair|chauffeur_service|transportation_service|service|point_of_interest
ChIJQ8LiaInHSUcR-0l1wQOkqYw,2026-08-13,ET Autoservice,service auto,Dej,"Str. Uriului, 405200 Dej",,none,,5,1,https://maps.google.com/?cid=10135812772411558395&g_mp=Cidnb29nbGUubWFwcy5wbGFjZXMudjEuUGxhY2VzLlNlYXJjaFRleHQQAhgEIAA,car_repair|service|point_of_interest|establishment
ChIJhz-2Ybi4SUcRRbKrANYk1y8,2026-08-13,AD Garage Farcaș Service,service auto,Dej,"Strada Crângului 50, 405200 Dej",0752 108 737,none,,3.9,140,https://maps.google.com/?cid=3447264541328257605&g_mp=Cidnb29nbGUubWFwcy5wbGFjZXMudjEuUGxhY2VzLlNlYXJjaFRleHQQAhgEIAA,car_repair|service|point_of_interest|establishment
ChIJV2OXaqG_SUcRNmOqzN6426I,2026-08-13,GSY Auto Service,service auto,Dej,"Strada Vâlcele 20, 405200 Dej",0740 172 089,none,,5,2,https://maps.google.com/?cid=11735176521099928374&g_mp=Cidnb29nbGUubWFwcy5wbGFjZXMudjEuUGxhY2VzLlNlYXJjaFRleHQQAhgEIAA,chauffeur_service|transportation_service|point_of_interest|establishment
ChIJN-QFURq5SUcRuKLoP6dmsvE,2026-08-13,DMA Auto,service auto,Dej,"Strada 1 Mai 184, 405200 Dej",0767 700 013,none,,5,10,https://maps.google.com/?cid=17416095577512911544&g_mp=Cidnb29nbGUubWFwcy5wbGFjZXMudjEuUGxhY2VzLlNlYXJjaFRleHQQAhgEIAA,point_of_interest|establishment
ChIJoWv321vHSUcRr3C32F2QWUA,2026-08-13,C & V Autoparc,service auto,Dej,"Strada Baia Mare, 405200 Dej",0760 744 894,social_only,https://www.facebook.com/profile.php?id=100063627361122,3.9,12,https://maps.google.com/?cid=4636896024096895151&g_mp=Cidnb29nbGUubWFwcy5wbGFjZXMudjEuUGxhY2VzLlNlYXJjaFRleHQQAhgEIAA,chauffeur_service|transportation_service|point_of_interest|establishment
ChIJBZzXq2TxSEcRor5p42PX9N8,2026-08-13,Tractari Auto si Asistenta Rutiera zona Huedin,service auto,Huedin,405400 Huedin,0741 734 141,none,,5,24,https://maps.google.com/?cid=16137760188792422050&g_mp=Cidnb29nbGUubWFwcy5wbGFjZXMudjEuUGxhY2VzLlNlYXJjaFRleHQQAhgEIAA,car_repair|point_of_interest|service|establishment
ChIJt_jMmV7xSEcRzWY1huajmYc,2026-08-13,Mocan Service,service auto,Huedin,"Str. Piata Victoriei, 405400 Huedin",0773 876 718,none,,5,3,https://maps.google.com/?cid=9771021077046453965&g_mp=Cidnb29nbGUubWFwcy5wbGFjZXMudjEuUGxhY2VzLlNlYXJjaFRleHQQAhgEIAA,car_repair|auto_parts_store|store|point_of_interest|service
ChIJvex4rF_xSEcRqQb1ubxrU8A,2026-08-13,Vulcanizare Mobila Non-Stop Huedin,service auto,Huedin,"Strada Zorilor 23, 405400 Huedin",0775 101 302,none,,5,119,https://maps.google.com/?cid=13858538936667014825&g_mp=Cidnb29nbGUubWFwcy5wbGFjZXMudjEuUGxhY2VzLlNlYXJjaFRleHQQAhgEIAA,car_repair|point_of_interest|service|establishment
ChIJ2-8t5O7xSEcR1Pzs4Llv1bo,2026-08-13,Tractariu auto si asistenta Huedin,service auto,Huedin,"Piața Republicii 8, 405400 Huedin",0745 084 996,none,,5,3,https://maps.google.com/?cid=13462789505227226324&g_mp=Cidnb29nbGUubWFwcy5wbGFjZXMudjEuUGxhY2VzLlNlYXJjaFRleHQQAhgEIAA,transportation_service|shipping_service|point_of_interest|service|establishment
ChIJ79bTBF_7SEcR4aiN8e03qPY,2026-08-13,ITP F1 AUTO,service auto,Huedin,"Strada Protopop Aurel Munteanu 100, 405400 Huedin",0753 847 582,none,,5,14,https://maps.google.com/?cid=17773517424517032161&g_mp=Cidnb29nbGUubWFwcy5wbGFjZXMudjEuUGxhY2VzLlNlYXJjaFRleHQQAhgEIAA,car_repair|point_of_interest|service|establishment
ChIJfWR_x2DxSEcRc3qolz56iBc,2026-08-13,Tractări auto non-stop TSA,service auto,Huedin,"Str. Oborului, 405400 Huedin",0740 403 292,none,,5,11,https://maps.google.com/?cid=1695739668955953779&g_mp=Cidnb29nbGUubWFwcy5wbGFjZXMudjEuUGxhY2VzLlNlYXJjaFRleHQQAhgEIAA,chauffeur_service|transportation_service|point_of_interest|establishment
ChIJXxCEw0JmSUcRcTY2A3AWdoE,2026-08-13,Service Auto Vadim,service auto,Turda,"Strada Câmpiei 15, 405100 Turda",0745 707 707,none,,4.6,88,https://maps.google.com/?cid=9328668348490593905&g_mp=Cidnb29nbGUubWFwcy5wbGFjZXMudjEuUGxhY2VzLlNlYXJjaFRleHQQAhgEIAA,auto_parts_store|car_repair|store|service|point_of_interest
ChIJrWEX0bdnSUcRdjvt2jQU3CY,2026-08-13,Electronic Auto Turda,service auto,Turda,"Strada Petru Rareș, 401133 Turda",0745 577 816,none,,5,73,https://maps.google.com/?cid=2800135285561441142&g_mp=Cidnb29nbGUubWFwcy5wbGFjZXMudjEuUGxhY2VzLlNlYXJjaFRleHQQAhgEIAA,car_repair|service|point_of_interest|establishment
ChIJ8Q_wo5toSUcR9-UqSqudcLU,2026-08-13,Moto Servimpex,service auto,Turda,"Strada Petru Rareș 18, 401133 Turda",0264 312 040,none,,4.2,58,https://maps.google.com/?cid=13074123077265843703&g_mp=Cidnb29nbGUubWFwcy5wbGFjZXMudjEuUGxhY2VzLlNlYXJjaFRleHQQAhgEIAA,car_repair|service|point_of_interest|establishment
ChIJFdn5QABpSUcR6OQyFd3SxxA,2026-08-13,Advanced Auto Repair,service auto,Turda,"Strada Roșiori 12, 401053 Turda",0763 255 889,none,,5,12,https://maps.google.com/?cid=1209166871957529832&g_mp=Cidnb29nbGUubWFwcy5wbGFjZXMudjEuUGxhY2VzLlNlYXJjaFRleHQQAhgEIAA,car_repair|service|point_of_interest|establishment
ChIJeaEEHcBnSUcRStD8r2EzaJs,2026-08-13,Linia Can Start Stop,service auto,Turda,"Str.Bogata nr.2, 4-6, 401117 Turda",0771 390 526,none,,5,71,https://maps.google.com/?cid=11198256968114163786&g_mp=Cidnb29nbGUubWFwcy5wbGFjZXMudjEuUGxhY2VzLlNlYXJjaFRleHQQAhgEIAA,chauffeur_service|transportation_service|point_of_interest|establishment
ChIJD03x3kxnSUcRUIXR1QzTpwE,2026-08-13,Autovalera Service,service auto,Turda,"Strada Laminoriştilor 201 A, 405100 Câmpia Turzii",0757 298 500,none,,4.6,54,https://maps.google.com/?cid=119295967228953936&g_mp=Cidnb29nbGUubWFwcy5wbGFjZXMudjEuUGxhY2VzLlNlYXJjaFRleHQQAhgEIAA,car_repair|service|point_of_interest|establishment
ChIJnZJCQt1pSUcRVjAJjsYVzl8,2026-08-13,AWB ELECTRO-SERVICE AUTO,service auto,Turda,"Str. Clujului 75, 401180 Turda",0744 780 280,none,,4.8,10,https://maps.google.com/?cid=6903479221336223830&g_mp=Cidnb29nbGUubWFwcy5wbGFjZXMudjEuUGxhY2VzLlNlYXJjaFRleHQQAhgEIAA,car_repair|service|point_of_interest|establishment
ChIJ_Zi-wOBnSUcRrC4TOA_m_kg,2026-08-13,Tinichigerie auto,service auto,Turda,Turda,0748 364 631,none,,3,4,https://maps.google.com/?cid=5259894367854997164&g_mp=Cidnb29nbGUubWFwcy5wbGFjZXMudjEuUGxhY2VzLlNlYXJjaFRleHQQAhgEIAA,car_repair|service|point_of_interest|establishment
ChIJw6CQJD9pSUcRXGjICO0RG44,2026-08-13,ITP TURDA Xavis Service,service auto,Turda,"Str. Dr. Ioan Ratiu 17, 407405 Turda",0737 017 770,none,,4.7,31,https://maps.google.com/?cid=10239797887509227612&g_mp=Cidnb29nbGUubWFwcy5wbGFjZXMudjEuUGxhY2VzLlNlYXJjaFRleHQQAhgEIAA,point_of_interest|establishment
ChIJbb9cGLhoSUcRdl5UU6wB4Q4,2026-08-13,Dacia Service Automobile Turda,service auto,Turda,"Str. Clujului FN, 401180 Turda",0748 887 333,none,,4.8,930,https://maps.google.com/?cid=1072140025934929526&g_mp=Cidnb29nbGUubWFwcy5wbGFjZXMudjEuUGxhY2VzLlNlYXJjaFRleHQQAhgEIAA,car_dealer|chauffeur_service|store|transportation_service|point_of_interest
ChIJvWZVujJpSUcR1asIsuMar6Q,2026-08-13,Service auto multimarca,service auto,Turda,"Piaţa Basarabiei 44, 401180 Turda",0756 044 778,none,,3.7,3,https://maps.google.com/?cid=11866733108391357397&g_mp=Cidnb29nbGUubWFwcy5wbGFjZXMudjEuUGxhY2VzLlNlYXJjaFRleHQQAhgEIAA,car_repair|service|point_of_interest|establishment
ChIJRfoP2S5hSUcRSZf-fcCp2Ho,2026-08-13,Euroline Motors,service auto,Campia Turzii,"Str. 1 Decembrie 1918 170, 401045 Câmpia Turzii",0733 693 084,none,,4.2,122,https://maps.google.com/?cid=8852011711809361737&g_mp=Cidnb29nbGUubWFwcy5wbGFjZXMudjEuUGxhY2VzLlNlYXJjaFRleHQQAhgEIAA,car_repair|point_of_interest|service|establishment
ChIJc3rTOf5nSUcRzFzT6JPhJQI,2026-08-13,Ștefdan Comimpex,service auto,Campia Turzii,"Strada Teilor 14, 405100 Câmpia Turzii",0742 540 044,none,,4.9,17,https://maps.google.com/?cid=154777787596758220&g_mp=Cidnb29nbGUubWFwcy5wbGFjZXMudjEuUGxhY2VzLlNlYXJjaFRleHQQAhgEIAA,car_repair|point_of_interest|service|establishment
ChIJXQ13QABnSUcRp6dqepE5QCE,2026-08-13,Service Eurocuantic,service auto,Campia Turzii,"Strada Laminoriştilor 263, 405100 Câmpia Turzii",0759 670 831,none,,4.5,8,https://maps.google.com/?cid=2395978298747955111&g_mp=Cidnb29nbGUubWFwcy5wbGFjZXMudjEuUGxhY2VzLlNlYXJjaFRleHQQAhgEIAA,car_repair|point_of_interest|service|establishment
ChIJRTAQaABnSUcRYV8go-bVMrE,2026-08-13,Electrician auto Câmpia Turzii,service auto,Campia Turzii,"Str. 1 Decembrie 1918 43, 405100 Câmpia Turzii",,social_only,https://www.facebook.com/share/1BiP32z3SP/,1,1,https://maps.google.com/?cid=12768503080104779617&g_mp=Cidnb29nbGUubWFwcy5wbGFjZXMudjEuUGxhY2VzLlNlYXJjaFRleHQQAhgEIAA,car_repair|point_of_interest|service|establishment
ChIJz4ZrM8hmSUcRhVG6yNe7n-Q,2026-08-13,Călinserv,service auto,Campia Turzii,"Strada Gheorghe Doja 5, 405100 Câmpia Turzii",0753 662 550,none,,4.5,60,https://maps.google.com/?cid=16474092497404580229&g_mp=Cidnb29nbGUubWFwcy5wbGFjZXMudjEuUGxhY2VzLlNlYXJjaFRleHQQAhgEIAA,auto_parts_store|car_repair|point_of_interest|service|store
ChIJOYKSvZVmSUcRDtnifhx4FEE,2026-08-13,Vulcanizare Prodim 2004,service auto,Campia Turzii,"Strada Laminoriştilor 142, 405100 Câmpia Turzii",0740 254 267,none,,4.7,103,https://maps.google.com/?cid=4689505175782742286&g_mp=Cidnb29nbGUubWFwcy5wbGFjZXMudjEuUGxhY2VzLlNlYXJjaFRleHQQAhgEIAA,tire_shop|auto_parts_store|car_repair|point_of_interest|service
ChIJcYCRzK5nSUcR4hK9ef9B8wM,2026-08-13,Retro Autos Passion,service auto,Campia Turzii,"Strada Trandafirilor 33a, 405100 Câmpia Turzii",0770 268 549,none,,5,3,https://maps.google.com/?cid=284643766969373410&g_mp=Cidnb29nbGUubWFwcy5wbGFjZXMudjEuUGxhY2VzLlNlYXJjaFRleHQQAhgEIAA,car_repair|point_of_interest|service|establishment
ChIJMV5PJgBnSUcRvyh1aEqtDGs,2026-08-13,Wow Detailing & Parbrize,service auto,Campia Turzii,"Str. 1 Decembrie 1918 14, 405100 Câmpia Turzii",0745 839 464,none,,5,1,https://maps.google.com/?cid=7713730796870510783&g_mp=Cidnb29nbGUubWFwcy5wbGFjZXMudjEuUGxhY2VzLlNlYXJjaFRleHQQAhgEIAA,car_repair|point_of_interest|service|establishment
ChIJNYVyezdnSUcRey4lGzeCPxk,2026-08-13,Wuw Autotehnic Expert,service auto,Campia Turzii,"Strada Vasile Goldis 3, 405100 Câmpia Turzii",0758 088 281,none,,5,17,https://maps.google.com/?cid=1819315947671203451&g_mp=Cidnb29nbGUubWFwcy5wbGFjZXMudjEuUGxhY2VzLlNlYXJjaFRleHQQAhgEIAA,market|point_of_interest|establishment
ChIJI_Tk-0ZhSUcRJASL-gxNkLs,2026-08-13,AUTO TAIA SRL,service auto,Campia Turzii,"Strada Lucian Blaga, 405100 Câmpia Turzii",0757 467 204,none,,5,1,https://maps.google.com/?cid=13515387199877219364&g_mp=Cidnb29nbGUubWFwcy5wbGFjZXMudjEuUGxhY2VzLlNlYXJjaFRleHQQAhgEIAA,car_repair|point_of_interest|service|establishment
ChIJG4TKNepnSUcR3kQl-wS2aZU,2026-08-13,ITP Campia Turzii,service auto,Campia Turzii,"Strada George Coșbuc 26 E, 405100 Câmpia Turzii",0743 116 434,none,,4.9,20,https://maps.google.com/?cid=10766336516715529438&g_mp=Cidnb29nbGUubWFwcy5wbGFjZXMudjEuUGxhY2VzLlNlYXJjaFRleHQQAhgEIAA,car_repair|point_of_interest|service|establishment
ChIJcTY67adnSUcR-X4BOif_YeU,2026-08-13,Marauto Body Shop,service auto,Campia Turzii,"Strada George Coșbuc 2, 405100 Câmpia Turzii",0787 643 488,none,,4.6,32,https://maps.google.com/?cid=16528772651368414969&g_mp=Cidnb29nbGUubWFwcy5wbGFjZXMudjEuUGxhY2VzLlNlYXJjaFRleHQQAhgEIAA,auto_parts_store|building_materials_store|car_repair|home_goods_store|point_of_interest
ChIJLX9JEQBnSUcRG8_dclDmw0M,2026-08-13,BMW Service Nicu Dobre,service auto,Campia Turzii,"Câmpiei, 407590 Viișoara",0744 886 443,none,,5,5,https://maps.google.com/?cid=4882999654198660891&g_mp=Cidnb29nbGUubWFwcy5wbGFjZXMudjEuUGxhY2VzLlNlYXJjaFRleHQQAhgEIAA,car_repair|point_of_interest|service|establishment
ChIJ2yCiVCsPSUcR9Npq1e-OM0s,2026-08-13,Tarta Service,service auto,Iara Cluj,"Strada Trandafirilor 14, 400237 Cluj-Napoca",0728 107 450,social_only,https://www.facebook.com/tartaservice/,5,4,https://maps.google.com/?cid=5418831937385716468&g_mp=Cidnb29nbGUubWFwcy5wbGFjZXMudjEuUGxhY2VzLlNlYXJjaFRleHQQAhgEIAA,car_repair|service|point_of_interest|establishment
ChIJHYcWBgAPSUcRxuM643gX1iU,2026-08-13,Auto Service Vasi Morar,service auto,Iara Cluj,"Strada Horea 39A, 407280 Florești",,none,,5,2,https://maps.google.com/?cid=2726392432395215814&g_mp=Cidnb29nbGUubWFwcy5wbGFjZXMudjEuUGxhY2VzLlNlYXJjaFRleHQQAhgEIAA,car_repair|service|point_of_interest|establishment
ChIJSX7iZzANSUcRXUntIPCAso0,2026-08-13,Sky Auto,service auto,Iara Cluj,"Strada Nicolae Corcheș 5s, Cluj-Napoca",0733 046 211,none,,4.6,86,https://maps.google.com/?cid=10210365074035263837&g_mp=Cidnb29nbGUubWFwcy5wbGFjZXMudjEuUGxhY2VzLlNlYXJjaFRleHQQAhgEIAA,car_repair|service|point_of_interest|establishment
ChIJ-w1_RwAPSUcRpc3ONQhF__M,2026-08-13,Patrimek Service Auto,service auto,Iara Cluj,"Aleea Cioplea, 400678 Cluj-Napoca",0749 016 699,none,,5,67,https://maps.google.com/?cid=17581847371842506149&g_mp=Cidnb29nbGUubWFwcy5wbGFjZXMudjEuUGxhY2VzLlNlYXJjaFRleHQQAhgEIAA,car_repair|chauffeur_service|service|point_of_interest|transportation_service
ChIJLVmE94cQSUcRpqmt1bBg-UY,2026-08-13,Q-Service David Car,service auto,Savadisla,"Sat.Vlaha nr.1E, 407513 Cluj-Napoca, 407513 Vlaha",0744 188 410,none,,4.4,130,https://maps.google.com/?cid=5114225164471347622&g_mp=Cidnb29nbGUubWFwcy5wbGFjZXMudjEuUGxhY2VzLlNlYXJjaFRleHQQAhgEIAA,car_repair|point_of_interest|service|establishment
ChIJDfFxxAQPSUcRsO8I8-o9nnE,2026-08-13,Daniel Service,service auto,Savadisla,"Strada Tăietura Turcului 66, 400394 Cluj-Napoca",0722 524 652,none,,4.9,11,https://maps.google.com/?cid=8187049251915231152&g_mp=Cidnb29nbGUubWFwcy5wbGFjZXMudjEuUGxhY2VzLlNlYXJjaFRleHQQAhgEIAA,car_repair|point_of_interest|service|establishment
ChIJPynYeX4NSUcRUbt0MgM1z50,2026-08-13,Auto N&G Service,service auto,Savadisla,"Strada Traian Vuia 25a, 400394 Cluj-Napoca",0745 634 264,none,,5,25,https://maps.google.com/?cid=11371365871981476689&g_mp=Cidnb29nbGUubWFwcy5wbGFjZXMudjEuUGxhY2VzLlNlYXJjaFRleHQQAhgEIAA,car_repair|point_of_interest|service|establishment
ChIJIxt3G8q9SUcRpNvzFJlPaVg,2026-08-13,Service Auto,service auto,Savadisla,România,,none,,5,7,https://maps.google.com/?cid=6370710666792393636&g_mp=Cidnb29nbGUubWFwcy5wbGFjZXMudjEuUGxhY2VzLlNlYXJjaFRleHQQAhgEIAA,car_repair|point_of_interest|service|establishment
ChIJyRVKBrIRSUcRsny1ORph7O0,2026-08-13,Ghr Auto,service auto,Savadisla,"Savadisla 183, 407505 Săvădisla",0743 019 164,none,,,0,https://maps.google.com/?cid=17144184646757874866&g_mp=Cidnb29nbGUubWFwcy5wbGFjZXMudjEuUGxhY2VzLlNlYXJjaFRleHQQAhgEIAA,market|car_repair|point_of_interest|service|establishment
ChIJoXuizCEDSUcRhFeDP2LmRTw,2026-08-13,ROBI SERVICE S.R.L.,service auto,Capusu Mare,"E60 274, 407145 Căpușu Mare",0752 960 532,none,,5,5,https://maps.google.com/?cid=4343130725315467140&g_mp=Cidnb29nbGUubWFwcy5wbGFjZXMudjEuUGxhY2VzLlNlYXJjaFRleHQQAhgEIAA,service|point_of_interest|establishment
ChIJg7O2qSMbSUcReWplMsz33FU,2026-08-13,TRF KAR SERVICE,service auto,Capusu Mare,"Strada Mihai Eminescu 451A, Luna de Sus",0732 588 087,none,,4.9,33,https://maps.google.com/?cid=6187092444491115129&g_mp=Cidnb29nbGUubWFwcy5wbGFjZXMudjEuUGxhY2VzLlNlYXJjaFRleHQQAhgEIAA,car_repair|service|point_of_interest|establishment
ChIJ2xtXFUBnSEcRTKPnUjtiuj4,2026-08-13,Vulcanizare BTO Zalau - Aghires,service auto,Aghiresu,"Strada Principală 125A, 457246 Aghireș",0771 689 599,social_only,"https://www.google.com/maps/@47.1582985,23.0014771,1046m/data=!3m1!1e3?entry=ttu&g_ep=EgoyMDI1MDIyNi4xIKXMDSoASAFQAw%3D%3D",5,7,https://maps.google.com/?cid=4520033182953218892&g_mp=Cidnb29nbGUubWFwcy5wbGFjZXMudjEuUGxhY2VzLlNlYXJjaFRleHQQAhgEIAA,car_repair|service|point_of_interest|establishment
ChIJEQJXR1IPSUcR5vTzrTSzzmU,2026-08-13,Fresh Auto,service auto,Aghiresu,"Strada Trandafirilor 11, Cluj-Napoca",0759 851 032,none,,4.6,11,https://maps.google.com/?cid=7335997881871234278&g_mp=Cidnb29nbGUubWFwcy5wbGFjZXMudjEuUGxhY2VzLlNlYXJjaFRleHQQAhgEIAA,market|car_repair|car_dealer|store|service
ChIJU0KkRQEJSUcRrJK_XsH0o3k,2026-08-13,Vulcanizare Chinteni Mgy Tire Change,service auto,Chinteni,"Strada Unirii 82, 407205 Chinteni",0740 544 018,none,,5,80,https://maps.google.com/?cid=8765118411148595884&g_mp=Cidnb29nbGUubWFwcy5wbGFjZXMudjEuUGxhY2VzLlNlYXJjaFRleHQQAhgEIAA,car_repair|service|point_of_interest|establishment
ChIJPZ4G6wUJSUcRjI6JoyMnnjE,2026-08-13,Vulcanizare Chinteni,service auto,Chinteni,"Strada Unirii 70, 407205 Chinteni",0745 605 671,none,,4.6,38,https://maps.google.com/?cid=3575338188199792268&g_mp=Cidnb29nbGUubWFwcy5wbGFjZXMudjEuUGxhY2VzLlNlYXJjaFRleHQQAhgEIAA,car_repair|service|point_of_interest|establishment
ChIJr-eVJssLSUcRz9qDIiR69eo,2026-08-13,Napoval Service Auto,service auto,Chinteni,"Strada Tractoriștilor 2, 400394 Cluj-Napoca",0741 350 950,none,,4.6,9,https://maps.google.com/?cid=16930572669785725647&g_mp=Cidnb29nbGUubWFwcy5wbGFjZXMudjEuUGxhY2VzLlNlYXJjaFRleHQQAhgEIAA,car_repair|service|point_of_interest|establishment
ChIJOR1hYKoNSUcR_o4FnO0bEQA,2026-08-13,Vulcanizare BEN,service auto,Feleacu,407270 Feleacu,0749 153 561,none,,4.3,47,https://maps.google.com/?cid=4815781942890238&g_mp=Cidnb29nbGUubWFwcy5wbGFjZXMudjEuUGxhY2VzLlNlYXJjaFRleHQQAhgEIAA,tire_shop|auto_parts_store|car_repair|service|point_of_interest
ChIJc2jd_IF3SUcRz7bZZ3YefLA,2026-08-13,RTCS AUTO,service auto,Caianu Cluj,"DJ161G 13, 407122 Căianu Mic",0766 262 821,none,,5,33,https://maps.google.com/?cid=12717072941684733647&g_mp=Cidnb29nbGUubWFwcy5wbGFjZXMudjEuUGxhY2VzLlNlYXJjaFRleHQQAhgEIAA,car_repair|point_of_interest|service|establishment
ChIJO0TmHJSCSUcRsMjGWH7Dqmo,2026-08-13,Aqua Blue Motors,service auto,Mociu,"DN16, Mociu",,none,,4.4,38,https://maps.google.com/?cid=7686170661483890864&g_mp=Cidnb29nbGUubWFwcy5wbGFjZXMudjEuUGxhY2VzLlNlYXJjaFRleHQQAhgEIAA,car_wash|car_repair|service|point_of_interest|establishment
ChIJZ8mUCNMLSUcRcMwJICbCYQI,2026-08-13,Ovidiu Reparații SRL,service auto,Mociu,"Strada Școlii 63C, 407042 Sânnicoară",0744 800 316,none,,4.7,96,https://maps.google.com/?cid=171631729818848368&g_mp=Cidnb29nbGUubWFwcy5wbGFjZXMudjEuUGxhY2VzLlNlYXJjaFRleHQQAhgEIAA,car_repair|service|point_of_interest|establishment
ChIJz1o4cMiDSUcRTMiR1LjvmoM,2026-08-13,"VULCANIZARE , PIESE AUTO MOCIU",service auto,Mociu,"DN16 53, Zorenii de Vale",,none,,4.7,6,https://maps.google.com/?cid=9483155542501345356&g_mp=Cidnb29nbGUubWFwcy5wbGFjZXMudjEuUGxhY2VzLlNlYXJjaFRleHQQAhgEIAA,car_repair|service|point_of_interest|establishment
ChIJS0BTFCiDSUcRB9ltGJJRUW8,2026-08-13,Vulcanizare,service auto,Mociu,Mociu,,none,,,0,https://maps.google.com/?cid=8021282099240491271&g_mp=Cidnb29nbGUubWFwcy5wbGFjZXMudjEuUGxhY2VzLlNlYXJjaFRleHQQAhgEIAA,car_repair|service|point_of_interest|establishment
ChIJzV9EA1IbSUcRtUGEUV17erM,2026-08-13,Petrișor Ioan PF-vulcanizare,vulcanizare,Gilau,"E60, 407310 Gilău",,none,,4.4,7,https://maps.google.com/?cid=12932784920677597621&g_mp=Cidnb29nbGUubWFwcy5wbGFjZXMudjEuUGxhY2VzLlNlYXJjaFRleHQQAhgEIAA,car_repair|service|point_of_interest|establishment
ChIJ0xkJdBkPSUcRd4FCjHabal0,2026-08-13,Vulcanizare Auto Floresti - NextWheel,vulcanizare,Gilau,"E60 222, 407280 Florești",0740 605 149,none,,4.9,170,https://maps.google.com/?cid=6731363526520242551&g_mp=Cidnb29nbGUubWFwcy5wbGFjZXMudjEuUGxhY2VzLlNlYXJjaFRleHQQAhgEIAA,car_repair|service|point_of_interest|establishment
ChIJi_B3TnoOSUcROqNBHb-oHCc,2026-08-13,Kimera,vulcanizare,Gilau,"Strada Frunzișului 15, 400000 Cluj-Napoca",0773 917 981,none,,4.5,70,https://maps.google.com/?cid=2818313005610148666&g_mp=Cidnb29nbGUubWFwcy5wbGFjZXMudjEuUGxhY2VzLlNlYXJjaFRleHQQAhgEIAA,tire_shop|auto_parts_store|car_repair|service|point_of_interest
ChIJ-0ecbAAbSUcR2rPk3H5N450,2026-08-13,Vulcanizare TIR - parcare Poienaru,vulcanizare,Gilau,"Str. Ferma 7 2, 407310 Gilău",,none,,5,1,https://maps.google.com/?cid=11377022290935198682&g_mp=Cidnb29nbGUubWFwcy5wbGFjZXMudjEuUGxhY2VzLlNlYXJjaFRleHQQAhgEIAA,car_repair|service|point_of_interest|establishment
ChIJKRPC5K8RSUcRx8VSzLsRmrM,2026-08-13,vulcanizare&service21,vulcanizare,Floresti Cluj,"Str. Eroilor 56, 407280 Florești",0770 795 928,none,,4.7,149,https://maps.google.com/?cid=12941675977487074759&g_mp=Cidnb29nbGUubWFwcy5wbGFjZXMudjEuUGxhY2VzLlNlYXJjaFRleHQQAhgEIAA,car_repair|point_of_interest|service|establishment
ChIJv1LtowIPSUcRpO-5LEEh_-I,2026-08-13,Vulcanizare Auto,vulcanizare,Floresti Cluj,"Str. Răzoare 486A, 407280 Florești",0756 204 800,none,,5,14,https://maps.google.com/?cid=16356828935439904676&g_mp=Cidnb29nbGUubWFwcy5wbGFjZXMudjEuUGxhY2VzLlNlYXJjaFRleHQQAhgEIAA,car_repair|point_of_interest|service|establishment
ChIJBf-jfnIRSUcRgGSUab2lOkw,2026-08-13,Pro Wheels Service,vulcanizare,Floresti Cluj,"hala 9, ferma 15, Strada Cetății, 407280 Florești",0741 611 616,none,,4.9,48,https://maps.google.com/?cid=5492884928470475904&g_mp=Cidnb29nbGUubWFwcy5wbGFjZXMudjEuUGxhY2VzLlNlYXJjaFRleHQQAhgEIAA,tire_shop|auto_parts_store|car_repair|store|point_of_interest
ChIJ78POu98PSUcRDhr_MP3bDts,2026-08-13,Chiorean Vasile PFA,vulcanizare,Floresti Cluj,"Strada Avram Iancu 116, 407280 Florești",0746 305 710,none,,3.9,96,https://maps.google.com/?cid=15784795624475400718&g_mp=Cidnb29nbGUubWFwcy5wbGFjZXMudjEuUGxhY2VzLlNlYXJjaFRleHQQAhgEIAA,tire_shop|auto_parts_store|car_repair|store|point_of_interest
ChIJ4534VAAPSUcR-8ga066Fap4,2026-08-13,"Spalatorie AutoSic, Detailing auto, vulcanizare și echilibrare",vulcanizare,Floresti Cluj,"Strada Avram Iancu 486A, 407280 Florești",0745 075 391,none,,4.6,17,https://maps.google.com/?cid=11415083191436495099&g_mp=Cidnb29nbGUubWFwcy5wbGFjZXMudjEuUGxhY2VzLlNlYXJjaFRleHQQAhgEIAA,car_wash|car_repair|point_of_interest|service|establishment
ChIJp957eTZ1SUcR6P1JLYr2EnQ,2026-08-13,Fensu,vulcanizare,Apahida,"Strada Iuliu Maniu 2, 407035 Apahida",0752 928 113,none,,5,8,https://maps.google.com/?cid=8364018531306175976&g_mp=Cidnb29nbGUubWFwcy5wbGFjZXMudjEuUGxhY2VzLlNlYXJjaFRleHQQAhgEIAA,car_repair|service|point_of_interest|establishment
ChIJw8ephxYLSUcRUB3Vfsyd6Qk,2026-08-13,Vulcanizare Sannicoara,vulcanizare,Apahida,"Strada Grădinarilor 1, 407042 Sânnicoară",0743 663 382,none,,4.6,44,https://maps.google.com/?cid=714275517541719376&g_mp=Cidnb29nbGUubWFwcy5wbGFjZXMudjEuUGxhY2VzLlNlYXJjaFRleHQQAhgEIAA,tire_shop|auto_parts_store|car_repair|store|service
ChIJjdCpVby9SUcRiv-zbKXy2xo,2026-08-13,Vulcanizare Catalin,vulcanizare,Gherla,"Strada Clujului 5b, 405300 Gherla",0754 859 999,none,,5,38,https://maps.google.com/?cid=1935407257193021322&g_mp=Cidnb29nbGUubWFwcy5wbGFjZXMudjEuUGxhY2VzLlNlYXJjaFRleHQQAhgEIAA,car_repair|service|point_of_interest|establishment
ChIJ2yZ0hw-9SUcR7WtCDZpbCwk,2026-08-13,Vulcanizare auto!,vulcanizare,Gherla,"Șoseaua Dejului, Gherla",0744 532 982,none,,4.1,55,https://maps.google.com/?cid=651715288290716653&g_mp=Cidnb29nbGUubWFwcy5wbGFjZXMudjEuUGxhY2VzLlNlYXJjaFRleHQQAhgEIAA,car_repair|service|point_of_interest|establishment
ChIJtVVB0ay9SUcRDtwhKKxIpI0,2026-08-13,Vulcanizare,vulcanizare,Gherla,Băiţa,0745 653 578,none,,4.6,55,https://maps.google.com/?cid=10206362559773269006&g_mp=Cidnb29nbGUubWFwcy5wbGFjZXMudjEuUGxhY2VzLlNlYXJjaFRleHQQAhgEIAA,tire_shop|auto_parts_store|car_repair|store|service
ChIJyYVFlwgMSUcR8fPTn0At3W8,2026-08-13,Dolsat Com,vulcanizare,Gherla,"Strada Câmpina 88, 400000 Cluj-Napoca",0755 785 676,none,,4.5,52,https://maps.google.com/?cid=8060648663645680625&g_mp=Cidnb29nbGUubWFwcy5wbGFjZXMudjEuUGxhY2VzLlNlYXJjaFRleHQQAhgEIAA,tire_shop|auto_parts_store|car_repair|store|service
ChIJeYt8aUy9SUcRT91k6z7YLUA,2026-08-13,Moldonad,vulcanizare,Gherla,"Strada Grădinarilor 2A, 405300 Gherla",0760 241 711,none,,5,2,https://maps.google.com/?cid=4624590157128195407&g_mp=Cidnb29nbGUubWFwcy5wbGFjZXMudjEuUGxhY2VzLlNlYXJjaFRleHQQAhgEIAA,car_repair|service|point_of_interest|establishment
ChIJYWytlTK_SUcRdF9iMv6Gnz4,2026-08-13,MasterWash,vulcanizare,Dej,"Strada Vâlcele 36, 405200 Dej",0768 993 151,none,,4.8,160,https://maps.google.com/?cid=4512473777973649268&g_mp=Cidnb29nbGUubWFwcy5wbGFjZXMudjEuUGxhY2VzLlNlYXJjaFRleHQQAhgEIAA,car_wash|point_of_interest|service|establishment
ChIJdQqYH6e4SUcR6BuOVDTzy1Q,2026-08-13,Nahorus Vulcanizare & Anvelope - turisme&camion — vulcanizare mobilă,vulcanizare,Dej,"Strada 1 Mai 84, 405200 Dej",0761 620 403,none,,4.7,67,https://maps.google.com/?cid=6110244725540658152&g_mp=Cidnb29nbGUubWFwcy5wbGFjZXMudjEuUGxhY2VzLlNlYXJjaFRleHQQAhgEIAA,car_repair|point_of_interest|service|establishment
ChIJ-RvkHoXHSUcRLMwHfijcF0M,2026-08-13,AlyDan Spălătorie Auto & TIR Wash,vulcanizare,Dej,"Strada Bistriței 42B, 405200 Dej",0769 272 017,none,,4.6,100,https://maps.google.com/?cid=4834574791476759596&g_mp=Cidnb29nbGUubWFwcy5wbGFjZXMudjEuUGxhY2VzLlNlYXJjaFRleHQQAhgEIAA,car_wash|point_of_interest|service|establishment
ChIJWYSNIKC4SUcRXrZ04UeB5lo,2026-08-13,R&S vulcanizare,vulcanizare,Dej,"Strada 1 Mai 70, 405200 Dej",,none,,5,1,https://maps.google.com/?cid=6550064853782148702&g_mp=Cidnb29nbGUubWFwcy5wbGFjZXMudjEuUGxhY2VzLlNlYXJjaFRleHQQAhgEIAA,corporate_office|point_of_interest|establishment
ChIJEVpxbvG5SUcRP088JNuGbiw,2026-08-13,Spălătorie auto,vulcanizare,Dej,"Strada Mihai Viteazu 5a, 405200 Dej",0740 011 502,none,,4.4,17,https://maps.google.com/?cid=3201644660870893375&g_mp=Cidnb29nbGUubWFwcy5wbGFjZXMudjEuUGxhY2VzLlNlYXJjaFRleHQQAhgEIAA,laundry|point_of_interest|service|establishment
ChIJo2nZbj3HSUcRG-4aKg9PNS8,2026-08-13,Alisben,vulcanizare,Dej,"DN17, 407260 Cuzdrioara",0749 230 010,none,,4.5,11,https://maps.google.com/?cid=3401712020097789467&g_mp=Cidnb29nbGUubWFwcy5wbGFjZXMudjEuUGxhY2VzLlNlYXJjaFRleHQQAhgEIAA,corporate_office|point_of_interest|establishment
ChIJ9xf4LQC5SUcR7T3yCp26o8c,2026-08-13,Marco Tyres,vulcanizare,Dej,"Strada 1 Mai 89, 405200 Dej",0741 499 756,social_only,https://www.facebook.com/profile.php?id=61572991202438,4.1,7,https://maps.google.com/?cid=14385546818407775725&g_mp=Cidnb29nbGUubWFwcy5wbGFjZXMudjEuUGxhY2VzLlNlYXJjaFRleHQQAhgEIAA,tire_shop|auto_parts_store|car_repair|store|point_of_interest
ChIJ78cuhoG4SUcRyyPKq_T9bhA,2026-08-13,Speed & Fast,vulcanizare,Dej,"Strada Nicolae Titulescu speed&fast, nr.51A, 405200 Dej",0769 266 576,none,,4.1,13,https://maps.google.com/?cid=1184162979341018059&g_mp=Cidnb29nbGUubWFwcy5wbGFjZXMudjEuUGxhY2VzLlNlYXJjaFRleHQQAhgEIAA,laundry|point_of_interest|service|establishment
ChIJgw_QYM_xSEcRqiKtoMVYojk,2026-08-13,Vulcanizare & Spalatorie,vulcanizare,Huedin,"Strada Horea 38, 405400 Huedin",0770 618 411,none,,4.8,5,https://maps.google.com/?cid=4152979412216521386&g_mp=Cidnb29nbGUubWFwcy5wbGFjZXMudjEuUGxhY2VzLlNlYXJjaFRleHQQAhgEIAA,shopping_mall|point_of_interest|establishment
ChIJ99JP9idmSUcRrQEUyA2NimI,2026-08-13,"VULCANIZARE & SERVICE ROȚI ""RIOLA IMPEX"" partener NEXXON",vulcanizare,Turda,"Strada Ștefan cel Mare 44, 407405 Turda",0264 313 064,none,,4.5,192,https://maps.google.com/?cid=7100642852833853869&g_mp=Cidnb29nbGUubWFwcy5wbGFjZXMudjEuUGxhY2VzLlNlYXJjaFRleHQQAhgEIAA,tire_shop|auto_parts_store|car_repair|service|point_of_interest
ChIJ0X5QmVtnSUcRhOrH9MoBTkg,2026-08-13,Vulcanizare Auto,vulcanizare,Turda,"122, 407433 Turda",0741 983 672,none,,4.9,44,https://maps.google.com/?cid=5210103790116006532&g_mp=Cidnb29nbGUubWFwcy5wbGFjZXMudjEuUGxhY2VzLlNlYXJjaFRleHQQAhgEIAA,car_repair|service|point_of_interest|establishment
ChIJJ8t_Qy5pSUcRHmQgkhNINyk,2026-08-13,Vulcanizare Auto Mobila Turda,vulcanizare,Turda,407501 Copăceni,0746 906 649,none,,5,8,https://maps.google.com/?cid=2969921728167306270&g_mp=Cidnb29nbGUubWFwcy5wbGFjZXMudjEuUGxhY2VzLlNlYXJjaFRleHQQAhgEIAA,corporate_office|point_of_interest|establishment
ChIJ-0vQ_KtnSUcRaB0DIx0T3dI,2026-08-13,Vulcanizare mobila Turda Seby,vulcanizare,Turda,"Strada Republicii, 405100 Câmpia Turzii",0747 843 614,none,,5,37,https://maps.google.com/?cid=15194321733680307560&g_mp=Cidnb29nbGUubWFwcy5wbGFjZXMudjEuUGxhY2VzLlNlYXJjaFRleHQQAhgEIAA,car_repair|service|point_of_interest|establishment
ChIJB_4diURnSUcRmUiXxqAM1kY,2026-08-13,Mobila Turda,vulcanizare,Turda,"Strada Armatei, 401114 Turda",0745 585 460,none,,4.7,21,https://maps.google.com/?cid=5104281112337139865&g_mp=Cidnb29nbGUubWFwcy5wbGFjZXMudjEuUGxhY2VzLlNlYXJjaFRleHQQAhgEIAA,tire_shop|auto_parts_store|car_repair|service|point_of_interest
ChIJuTzg-vxnSUcRVog_kCw76ks,2026-08-13,Vulcanizare Mobila,vulcanizare,Turda,"Strada Grădinilor, 401060 Turda",0741 558 106,none,,5,6,https://maps.google.com/?cid=5470249759979571286&g_mp=Cidnb29nbGUubWFwcy5wbGFjZXMudjEuUGxhY2VzLlNlYXJjaFRleHQQAhgEIAA,car_repair|service|point_of_interest|establishment
ChIJZ6ze5ydmSUcRLuI6TbDOBcU,2026-08-13,Calinserv,vulcanizare,Turda,"Strada Gării 3, 407405 Turda",0741 904 983,none,,4.6,106,https://maps.google.com/?cid=14196980656960627246&g_mp=Cidnb29nbGUubWFwcy5wbGFjZXMudjEuUGxhY2VzLlNlYXJjaFRleHQQAhgEIAA,auto_parts_store|car_repair|service|point_of_interest|store
ChIJtxzgI-9nSUcRbKWVNTvZGAg,2026-08-13,Vulcanizare mobila Turda non-stop camioane,vulcanizare,Turda,"E81, 401062 Turda",0741 558 106,none,,4.8,18,https://maps.google.com/?cid=583455000069776748&g_mp=Cidnb29nbGUubWFwcy5wbGFjZXMudjEuUGxhY2VzLlNlYXJjaFRleHQQAhgEIAA,car_repair|service|point_of_interest|establishment
ChIJq_mcxEBmSUcRJDYe9oGBGQo,2026-08-13,Vepox Comimpex,vulcanizare,Turda,"Strada Câmpiei 2, 405100 Turda",0264 321 789,none,,3.7,3,https://maps.google.com/?cid=727755209976985124&g_mp=Cidnb29nbGUubWFwcy5wbGFjZXMudjEuUGxhY2VzLlNlYXJjaFRleHQQAhgEIAA,car_repair|service|point_of_interest|establishment
ChIJXfwpQw9nSUcRkbjxLd7AxvE,2026-08-13,"Turda, Ludus ,Câmpia Turzii",vulcanizare,Turda,"Strada Nicolae Titulescu 42, 405100 Câmpia Turzii",0746 343 332,none,,5,14,https://maps.google.com/?cid=17421824269015431313&g_mp=Cidnb29nbGUubWFwcy5wbGFjZXMudjEuUGxhY2VzLlNlYXJjaFRleHQQAhgEIAA,chauffeur_service|car_repair|service|point_of_interest|transportation_service
ChIJBSWB6JtnSUcRl4zrx-2scpo,2026-08-13,AutoPark,vulcanizare,Campia Turzii,"DJ150, 405100 Câmpia Turzii",,none,,4.1,11,https://maps.google.com/?cid=11129147766447246487&g_mp=Cidnb29nbGUubWFwcy5wbGFjZXMudjEuUGxhY2VzLlNlYXJjaFRleHQQAhgEIAA,point_of_interest|car_repair|service|establishment
ChIJE6Skoq5nSUcR8kHuXdbxSxQ,2026-08-13,"Spalatorie auto, vulcanizare, spalatorie covoare",vulcanizare,Campia Turzii,405100 Câmpia Turzii,0749 314 639,none,,4.3,31,https://maps.google.com/?cid=1462528407013048818&g_mp=Cidnb29nbGUubWFwcy5wbGFjZXMudjEuUGxhY2VzLlNlYXJjaFRleHQQAhgEIAA,car_wash|point_of_interest|service|establishment
ChIJUTAzzWVnSUcRSc6gBdFBfew,2026-08-13,Vulcanizare,vulcanizare,Campia Turzii,"Strada Laminoriştilor 268, 405100 Câmpia Turzii",,none,,,0,https://maps.google.com/?cid=17040848931038219849&g_mp=Cidnb29nbGUubWFwcy5wbGFjZXMudjEuUGxhY2VzLlNlYXJjaFRleHQQAhgEIAA,point_of_interest|car_repair|service|establishment
ChIJ28qHD0sMSUcRqcoD1r1uOkw,2026-08-13,Vulcanizare Echilibrare | Încarcare Clima Auto,vulcanizare,Iara Cluj,"Strada Fagului 31 A, 400483 Cluj-Napoca",0745 393 619,none,,4.3,224,https://maps.google.com/?cid=5492824457150188201&g_mp=Cidnb29nbGUubWFwcy5wbGFjZXMudjEuUGxhY2VzLlNlYXJjaFRleHQQAhgEIAA,service|point_of_interest|establishment
ChIJUSq5JKIPSUcRduS2IBIA45I,2026-08-13,Cam Vulcanizare,vulcanizare,Iara Cluj,"Bulevardul 1 Decembrie 1918 114, 400367 Cluj-Napoca",0756 433 586,none,,4.7,429,https://maps.google.com/?cid=10584303627109065846&g_mp=Cidnb29nbGUubWFwcy5wbGFjZXMudjEuUGxhY2VzLlNlYXJjaFRleHQQAhgEIAA,car_repair|service|point_of_interest|establishment
ChIJo5FRYugNSUcRiV4dPSgkskA,2026-08-13,Vulcanizare GDA,vulcanizare,Iara Cluj,"Strada Frunzișului 88, 400000 Cluj-Napoca",0744 256 932,none,,4.9,59,https://maps.google.com/?cid=4661828319524511369&g_mp=Cidnb29nbGUubWFwcy5wbGFjZXMudjEuUGxhY2VzLlNlYXJjaFRleHQQAhgEIAA,tire_shop|auto_parts_store|car_repair|store|service
ChIJLWYqQiwNSUcRmB5q3O3fkiU,2026-08-13,Vulcanizare Rapida Centru Cluj,vulcanizare,Iara Cluj,"Calea Dorobanților 18-20, 400117 Cluj-Napoca",0264 414 314,none,,4.9,68,https://maps.google.com/?cid=2707472538701274776&g_mp=Cidnb29nbGUubWFwcy5wbGFjZXMudjEuUGxhY2VzLlNlYXJjaFRleHQQAhgEIAA,car_repair|service|point_of_interest|establishment
ChIJwY_Swm0MSUcRJ3otWXE6qs4,2026-08-13,Vulcanizare Autoserv 4 You,vulcanizare,Savadisla,"Strada Dunării 102, 400000 Cluj-Napoca",0745 900 388,none,,4.7,76,https://maps.google.com/?cid=14891779376355834407&g_mp=Cidnb29nbGUubWFwcy5wbGFjZXMudjEuUGxhY2VzLlNlYXJjaFRleHQQAhgEIAA,car_repair|service|point_of_interest|establishment
ChIJ-UqWVKwOSUcRUAgP97UCeKE,2026-08-13,Auto Pro Vulcan Srl,vulcanizare,Savadisla,"Strada Oașului 93, 400000 Cluj-Napoca",0740 196 478,none,,4.7,138,https://maps.google.com/?cid=11635052617868970064&g_mp=Cidnb29nbGUubWFwcy5wbGFjZXMudjEuUGxhY2VzLlNlYXJjaFRleHQQAhgEIAA,car_repair|service|point_of_interest|establishment
ChIJ6WfRGq8OSUcRLNFUWkfUY8g,2026-08-13,Vulcanizare - Echilibrare PAUL&ALIN SERV SRL,vulcanizare,Savadisla,"Strada Oașului 39a, 400000 Cluj-Napoca",0755 032 121,none,,4.3,102,https://maps.google.com/?cid=14439618233203216684&g_mp=Cidnb29nbGUubWFwcy5wbGFjZXMudjEuUGxhY2VzLlNlYXJjaFRleHQQAhgEIAA,car_repair|service|point_of_interest|establishment
ChIJJ7kHBQEPSUcRP0C48EeaelY,2026-08-13,GS Quick Serv,vulcanizare,Savadisla,"Bulevardul 1 Decembrie 1918 106, 400394 Cluj-Napoca",0759 330 370,none,,5,7,https://maps.google.com/?cid=6231462668192464959&g_mp=Cidnb29nbGUubWFwcy5wbGFjZXMudjEuUGxhY2VzLlNlYXJjaFRleHQQAhgEIAA,car_repair|service|point_of_interest|establishment
ChIJxdMat7gOSUcRoKmL4dNJkL4,2026-08-13,Vulcanizare Corneliu & M Impex,vulcanizare,Savadisla,"Strada Corneliu Coposu 43, 400234 Cluj-Napoca",0264 436 809,none,,4.5,89,https://maps.google.com/?cid=13731556438223595936&g_mp=Cidnb29nbGUubWFwcy5wbGFjZXMudjEuUGxhY2VzLlNlYXJjaFRleHQQAhgEIAA,car_repair|service|point_of_interest|establishment
ChIJWxuvmYsOSUcRDcaOTDgz9ZM,2026-08-13,vulcanizare,vulcanizare,Savadisla,"Strada Iancu de Hunedoara, 400000 Cluj-Napoca",0759 330 370,none,,4.8,25,https://maps.google.com/?cid=10661484009765127693&g_mp=Cidnb29nbGUubWFwcy5wbGFjZXMudjEuUGxhY2VzLlNlYXJjaFRleHQQAhgEIAA,car_repair|service|point_of_interest|establishment
ChIJ7b8eafYOSUcRvm6X1yGT3w4,2026-08-13,Auto Gumm,vulcanizare,Capusu Mare,"Str. Donath 160, 400394 Cluj-Napoca",0740 796 277,none,,1.9,56,https://maps.google.com/?cid=1071737009897696958&g_mp=Cidnb29nbGUubWFwcy5wbGFjZXMudjEuUGxhY2VzLlNlYXJjaFRleHQQAhgEIAA,car_repair|service|point_of_interest|establishment
ChIJ-5j6v-51SUcRw_G3eXYKogA,2026-08-13,vulcanizare moristi,vulcanizare,Cojocna,"Moristi, 407247 Cluj",0753 388 669,none,,4.9,22,https://maps.google.com/?cid=45610450191643075&g_mp=Cidnb29nbGUubWFwcy5wbGFjZXMudjEuUGxhY2VzLlNlYXJjaFRleHQQAhgEIAA,car_repair|point_of_interest|service|establishment
ChIJCawO2n8LSUcRU-Cj0kTMhFI,2026-08-13,Vulcanizare Mobila Cluj,vulcanizare,Cojocna,"Bulevardul Muncii 12, 400000 Cluj-Napoca",0745 294 544,social_only,https://www.facebook.com/Vulcanizare-mobila-CLUJ-104583910946015/,4.3,21,https://maps.google.com/?cid=5946102003999694931&g_mp=Cidnb29nbGUubWFwcy5wbGFjZXMudjEuUGxhY2VzLlNlYXJjaFRleHQQAhgEIAA,tire_shop|auto_parts_store|car_repair|store|point_of_interest
ChIJ0yZJ1fsPSUcRpLEb1zv9HBs,2026-08-13,GRAMIN Auto - Vulcanizare Mobila Non Stop,vulcanizare,Cojocna,"Strada Oașului, Cluj-Napoca",0748 824 886,none,,4.7,36,https://maps.google.com/?cid=1953714771825766820&g_mp=Cidnb29nbGUubWFwcy5wbGFjZXMudjEuUGxhY2VzLlNlYXJjaFRleHQQAhgEIAA,car_repair|point_of_interest|service|establishment
ChIJXT9w63cMSUcRE6DJskXW8ng,2026-08-13,Marnel Auto,vulcanizare,Caianu Cluj,"Strada Traian Vuia 25A, 400394 Cluj-Napoca",0746 963 115,none,,4.8,39,https://maps.google.com/?cid=8715263823755976723&g_mp=Cidnb29nbGUubWFwcy5wbGFjZXMudjEuUGxhY2VzLlNlYXJjaFRleHQQAhgEIAA,car_repair|service|point_of_interest|establishment
ChIJOeDzZhAPSUcRZuHrcNZrWE8,2026-08-13,PFA Lișcan Valerian,vulcanizare,Caianu Cluj,"Strada Paris 124, 400137 Cluj-Napoca",0756 274 347,none,,4.5,8,https://maps.google.com/?cid=5717438295708524902&g_mp=Cidnb29nbGUubWFwcy5wbGFjZXMudjEuUGxhY2VzLlNlYXJjaFRleHQQAhgEIAA,car_repair|service|point_of_interest|establishment
ChIJweRSZAAPSUcR4SNIIyNf9Ck,2026-08-13,Depozit Cherestea NTM TRANS FOREST,tamplarie lemn,Gilau,"Strada Valea Seacă, Cluj-Napoca",0742 324 641,none,,3.7,3,https://maps.google.com/?cid=3023145854392869857&g_mp=Cidnb29nbGUubWFwcy5wbGFjZXMudjEuUGxhY2VzLlNlYXJjaFRleHQQAhgEIAA,general_contractor|service|point_of_interest|establishment
ChIJldR7eTYOSUcR7Xq64v9Xtxo,2026-08-13,Manolemn,tamplarie lemn,Gilau,"Strada Avram Iancu 428, 407280 Florești",0753 397 893,social_only,https://www.facebook.com/manolemn/,5,2,https://maps.google.com/?cid=1925104122256325357&g_mp=Cidnb29nbGUubWFwcy5wbGFjZXMudjEuUGxhY2VzLlNlYXJjaFRleHQQAhgEIAA,manufacturer|service|point_of_interest|establishment
ChIJJT5fGqsZSUcRtGnsMXXqwNU,2026-08-13,Moutain Industries SRL,tamplarie lemn,Gilau,"Măgurii Răcătău ,Muntele Rece, Str. Matesti Nr. 62, 407366 Cluj Napoca",0753 185 790,none,,5,4,https://maps.google.com/?cid=15402568514676746676&g_mp=Cidnb29nbGUubWFwcy5wbGFjZXMudjEuUGxhY2VzLlNlYXJjaFRleHQQAhgEIAA,general_contractor|service|point_of_interest|establishment
ChIJsfc1EBkPSUcRFn9NopOEDUs,2026-08-13,Ligniar,tamplarie lemn,Gilau,"Calea Moților 110, 400394 Cluj-Napoca",0747 820 252,none,,5,2,https://maps.google.com/?cid=5408124497159880470&g_mp=Cidnb29nbGUubWFwcy5wbGFjZXMudjEuUGxhY2VzLlNlYXJjaFRleHQQAhgEIAA,manufacturer|general_contractor|service|point_of_interest|establishment
ChIJ_3dMhdEPSUcROjWHJdO_llk,2026-08-13,WOODART,tamplarie lemn,Floresti Cluj,"I., Prof., 3, Str. Rusu, 407280 Florești",0264 265 530,none,,,0,https://maps.google.com/?cid=6455558029470807354&g_mp=Cidnb29nbGUubWFwcy5wbGFjZXMudjEuUGxhY2VzLlNlYXJjaFRleHQQAhgEIAA,manufacturer|point_of_interest|service|establishment
ChIJ5R0MFuIPSUcR8oxPb3OISiI,2026-08-13,Depozit Cherestea - Nelforest,tamplarie lemn,Baciu Cluj,"Calea Baciului 103, 400230 Cluj-Napoca",0742 344 557,none,,3.5,2,https://maps.google.com/?cid=2470937374936239346&g_mp=Cidnb29nbGUubWFwcy5wbGFjZXMudjEuUGxhY2VzLlNlYXJjaFRleHQQAhgEIAA,general_contractor|point_of_interest|service|establishment
ChIJN-7ECvy5SUcRF53D6eYl0tA,2026-08-13,Nordis Wood Tec,tamplarie lemn,Bontida,"Strada Văii, 405200 Dej",0756 083 630,none,,5,1,https://maps.google.com/?cid=15047130978692865303&g_mp=Cidnb29nbGUubWFwcy5wbGFjZXMudjEuUGxhY2VzLlNlYXJjaFRleHQQAhgEIAA,general_contractor|manufacturer|point_of_interest|store|service
ChIJsyVBFAC5SUcR0BDlaVGMkcE,2026-08-13,Casa Lemnului – cherestea și lambriuri Dej,tamplarie lemn,Dej,"Strada 1 Mai 93, 405200 Dej",0752 031 731,social_only,https://www.facebook.com/share/17aqB6r1py/?mibextid=wwXIfr,,0,https://maps.google.com/?cid=13948083802239996112&g_mp=Cidnb29nbGUubWFwcy5wbGFjZXMudjEuUGxhY2VzLlNlYXJjaFRleHQQAhgEIAA,building_materials_store|general_contractor|store|point_of_interest|service
ChIJywR-gZu4SUcRBUfjpgT5hWA,2026-08-13,Romdecor,tamplarie lemn,Dej,"Strada 1 Mai 41, 405200 Dej",0264 213 551,none,,2.5,2,https://maps.google.com/?cid=6955238997918697221&g_mp=Cidnb29nbGUubWFwcy5wbGFjZXMudjEuUGxhY2VzLlNlYXJjaFRleHQQAhgEIAA,manufacturer|point_of_interest|service|establishment
ChIJ3ZhGJue4SUcReM7D7rQKZVg,2026-08-13,TermoTec,tamplarie lemn,Dej,"Str. Vaii, 2, Dej, Cluj, 405201, Strada Văii 2, 405200 Dej",0264 211 771,none,,4,14,https://maps.google.com/?cid=6369509020201635448&g_mp=Cidnb29nbGUubWFwcy5wbGFjZXMudjEuUGxhY2VzLlNlYXJjaFRleHQQAhgEIAA,store|point_of_interest|establishment
ChIJ8VMD02DwSEcRsri_628--u8,2026-08-13,Dimat,tamplarie lemn,Huedin,"Strada Lăutarilor 2, 405400 Huedin",0745 228 681,none,,4.3,6,https://maps.google.com/?cid=17292202369659943090&g_mp=Cidnb29nbGUubWFwcy5wbGFjZXMudjEuUGxhY2VzLlNlYXJjaFRleHQQAhgEIAA,manufacturer|point_of_interest|service|establishment
ChIJ8beM12XwSEcR2cT-Y4yJAeI,2026-08-13,Globalfa Impex,tamplarie lemn,Huedin,"Strada Fildului 1, 405400 Huedin",0264 353 497,none,,2.5,2,https://maps.google.com/?cid=16285448963614491865&g_mp=Cidnb29nbGUubWFwcy5wbGFjZXMudjEuUGxhY2VzLlNlYXJjaFRleHQQAhgEIAA,manufacturer|point_of_interest|service|establishment
ChIJRWI4KgBnSUcRk4T8VMhCSLA,2026-08-13,Vali Termopane,tamplarie lemn,Campia Turzii,"Piața Unirii 22, 405100 Câmpia Turzii",0744 175 484,none,,5,1,https://maps.google.com/?cid=12702476177185211539&g_mp=Cidnb29nbGUubWFwcy5wbGFjZXMudjEuUGxhY2VzLlNlYXJjaFRleHQQAhgEIAA,service|point_of_interest|establishment
ChIJtb_SxtFmSUcRjHnGRrqGiuM,2026-08-13,Alex Pavaj S.R.L.,tamplarie lemn,Campia Turzii,"Strada Aurel Vlaicu 43, 405100 Câmpia Turzii",0264 366 761,none,,3.5,8,https://maps.google.com/?cid=16396065528005163404&g_mp=Cidnb29nbGUubWFwcy5wbGFjZXMudjEuUGxhY2VzLlNlYXJjaFRleHQQAhgEIAA,wholesaler|service|point_of_interest|establishment
ChIJq1_lv6YRSUcRRs1OuoHO-hE,2026-08-13,WOOD LINE PROD SRL Rareș Săvădisla,tamplarie lemn,Savadisla,"Str. Principală nr.463, 407505 Săvădisla",0749 113 557,social_only,https://www.facebook.com/woodline.savadisla/?locale=ro_RO,,0,https://maps.google.com/?cid=1295574899394268486&g_mp=Cidnb29nbGUubWFwcy5wbGFjZXMudjEuUGxhY2VzLlNlYXJjaFRleHQQAhgEIAA,general_contractor|service|point_of_interest|establishment
ChIJKX6YmdMNSUcRPBQ5mCdGBFo,2026-08-13,MRZ Grup Est,tamplarie lemn,Capusu Mare,"Strada Louis Pasteur 48-50, 400347 Cluj-Napoca",0264 591 341,none,,4,2,https://maps.google.com/?cid=6486386499191903292&g_mp=Cidnb29nbGUubWFwcy5wbGFjZXMudjEuUGxhY2VzLlNlYXJjaFRleHQQAhgEIAA,store|general_contractor|service|point_of_interest|establishment
ChIJoRycN0kPSUcRzehfPUtark4,2026-08-13,Specter Designs,tamplarie lemn,Capusu Mare,"Strada Colonia de Sub Deal, 407280 Florești",0730 469 372,none,,5,1,https://maps.google.com/?cid=5669568260104775885&g_mp=Cidnb29nbGUubWFwcy5wbGFjZXMudjEuUGxhY2VzLlNlYXJjaFRleHQQAhgEIAA,general_contractor|service|point_of_interest|establishment
ChIJiwtskR8MSUcR46_8ZauJtjw,2026-08-13,Prohaus,tamplarie lemn,Capusu Mare,"Bulevardul Nicolae Titulescu 43, 400394 Cluj-Napoca",0744 623 509,none,,5,1,https://maps.google.com/?cid=4374835457280487395&g_mp=Cidnb29nbGUubWFwcy5wbGFjZXMudjEuUGxhY2VzLlNlYXJjaFRleHQQAhgEIAA,general_contractor|service|point_of_interest|establishment
ChIJeVYWRrr9SEcRlHhq8--tS04,2026-08-13,Biserica de Lemn „Sfântul Nicolae“,tamplarie lemn,Aghiresu,407005 Comuna Aghireșu,,none,,4.3,3,https://maps.google.com/?cid=5641794204304308372&g_mp=Cidnb29nbGUubWFwcy5wbGFjZXMudjEuUGxhY2VzLlNlYXJjaFRleHQQAhgEIAA,church|place_of_worship|association_or_organization|point_of_interest|establishment
ChIJ6WlciVrHS0cRkFkBCbIv8OA,2026-08-13,"Atelier de Tâmplărie Kádár István – Uși, ferestre, scări din lemn",tamplarie lemn,Caianu Cluj,"Strada Principală, 547605 Ungheni",0744 554 819,social_only,https://www.facebook.com/share/1DBLdjL5zJ/?mibextid=wwXIfr,5,1,https://maps.google.com/?cid=16208507500608182672&g_mp=Cidnb29nbGUubWFwcy5wbGFjZXMudjEuUGxhY2VzLlNlYXJjaFRleHQQAhgEIAA,general_contractor|manufacturer|point_of_interest|service|establishment
ChIJf5iUETgPSUcRXLOCdNFNBFg,2026-08-13,Depozit cherestea,tamplarie lemn,Mociu,"Strada Tudor Vladimirescu, 400225 Cluj-Napoca",0742 691 441,none,,3.5,11,https://maps.google.com/?cid=6342279737242727260&g_mp=Cidnb29nbGUubWFwcy5wbGFjZXMudjEuUGxhY2VzLlNlYXJjaFRleHQQAhgEIAA,storage|service|point_of_interest|establishment
ChIJpdh4UzwNSUcRp9QAUma09YM,2026-08-13,Depozit cherestea,tamplarie lemn,Mociu,"Strada Bună Ziua, 400495 Cluj-Napoca",0742 645 187,none,,4,4,https://maps.google.com/?cid=9508704539818120359&g_mp=Cidnb29nbGUubWFwcy5wbGFjZXMudjEuUGxhY2VzLlNlYXJjaFRleHQQAhgEIAA,building_materials_store|store|service|point_of_interest|establishment
ChIJF8l2agATSUcR371ywvO58Kg,2026-08-13,Depozit Cherestea Vâlcele,tamplarie lemn,Mociu,407274 Vâlcele,0747 470 637,social_only,https://www.facebook.com/share/183Fa1wkxB/,5,5,https://maps.google.com/?cid=12173434249372941791&g_mp=Cidnb29nbGUubWFwcy5wbGFjZXMudjEuUGxhY2VzLlNlYXJjaFRleHQQAhgEIAA,storage|service|point_of_interest|establishment
